Treatment,Block,Species,ResidualBiomass,Trait_biomass,AbovegroundBiomass,mean_Hn,mean_Hm,Disease_num,HistoryPathogen,DiseaseTypes,DiseaseSeverity,HerbivorySeverity
RemovedShrub,B3,¸ßÉ½ÌÆËÉ²Ý,0.0288,0.1001,0.1289,8.88,9.22,1,Necrotrophic,Ò¶¿Ý,0.083333333,0
RemovedShrub,B3,ÀÏðÙ²Ý,0.15,0.0773,0.2273,14.12,14.8,1,0,0,0,0
RemovedShrub,B3,ÐÇ×´·çÃ«¾Õ,0.67,0,0.67,,,1,0,0,0,0
RemovedShrub,B3,»ªÎ÷Î¯Áê²Ë,0.0465,0,0.0465,,,1,0,0,0,0
RemovedShrub,B3,ËáÄ£,0.0095,0.2771,0.2866,30.45,31.2,1,0,0,0,0
RemovedShrub,B3,¼ô¹ÉÓ±,0.17,0.4989,0.6689,49.08,64.98,1,0,0,0,0
RemovedShrub,B3,¶þÁÑÎ¯Áê²Ë,0.72,0,0.72,,,1,0,0,0,0
RemovedShrub,B3,Ð¡»¨²ÝÓñÃ·,0.0593,0.2627,0.322,14.9,15.65,1,0,0,0,0
RemovedShrub,B3,¸ßÔ­Ã«Ý¢,0.16,0.2929,0.4529,13.84,14.68,1,0,0,0,0
RemovedShrub,B3,ÒìÕëÃ©,0.25,1.4009,1.6509,59.64,65.34,1,Necrotrophic,Ò¶¿Ý,0.041666667,0
RemovedShrub,B3,ÈðÜß²Ý,1.73,1.5734,3.3034,22.28,23.46,1,Necrotrophic,ºÖ°ß,0.046666667,0.013333333
RemovedShrub,B3,´¹ËëÅû¼î²Ý,0.13,1.111,1.241,55.4,66.8,1,0,0,0,0
RemovedShrub,B3,ÏßÒ¶áÔ²Ý,0.37,0.1158,0.4858,18.28,22.04,1,0,0,0,0
RemovedShrub,B3,·±ÂÆ,0.0422,0,0.0422,,,1,0,0,0,0
RemovedShrub,B3,Ì¦²Ý,3.38,1.9168,5.2968,47.78,51.66,1,Necrotrophic,Ò¶¿Ý,0.026666667,0
RemovedShrub,B3,´ØÉú¾í¶ú,0.0149,0,0.0149,,,1,0,0,0,0
RemovedShrub,B3,ºÌ²Ý,9.69,0,9.69,,,1,Necrotrophic,Ò¶¿Ý,0.013333333,0
RemovedShrub,B3,¿íÌ¦²Ý,1.08,0,1.08,,,1,Necrotrophic,Ò¶°ß,0.013333333,0
RemovedShrub,B3,ÔçÊìºÌ,0,0.2057,0.2057,39.2,40.025,1,Necrotrophic,Ò¶¿Ý,0.041666667,0
RemovedShrub,B3,Ã¢œÍ²Ý,0,1.1967,1.1967,54.44,55.08,1,Necrotrophic,ºÖ°ß,0.125,0
GenuineShrub,B6,ÃÉ¹ÅÝï,0.01,0,0.01,,,1,0,0,0,0
GenuineShrub,B6,ÀÏðÙ²Ý,0.3,0,0.3,15.2,15.6,1,Necrotrophic,ºÖ°ß,0.026666667,0
GenuineShrub,B6,Ð¡°×»¨,0.41,0,0.41,,,1,0,0,0,0
GenuineShrub,B6,»ÆÜË,0.02,0.3882,0.4082,10.53333333,11.83333333,1,0,0,0,0
GenuineShrub,B6,¸ßÔ­Ã«Ý¢,0.0095,0.0542,0.0637,7.22,7.56,1,0,0,0,0
GenuineShrub,B6,Ã«¹ûÆÅÆÅÄÉ,0.19,0,0.19,,,1,0,0,0,0.022222222
GenuineShrub,B6,µØ¶¡,0.0055,0,0.0055,,,1,0,0,0,0
GenuineShrub,B6,ÕÓÉúÁøÒ¶²Ë,0.3,0,0.3,,,1,0,0,0,0
GenuineShrub,B6,°«ÔóÇÛ,0.0195,0.0855,0.105,10.56,11.46,1,0,0,0,0
GenuineShrub,B6,ÏßÒ¶áÔ²Ý,0.39,0.0672,0.4572,19.22,19.76,1,0,0,0,0.013333333
GenuineShrub,B6,ºÌ²Ý,1.2,0,1.2,,,1,Necrotrophic,Ò¶°ß,0.013333333,0
GenuineShrub,B6,·±ÂÆ,0.0051,0,0.0051,,,1,0,0,0,0
GenuineShrub,B6,Äá²´¶ûÓ¬×Ó²Ý,0.0082,0,0.0082,,,1,0,0,0,0
GenuineShrub,B6,Ì¦²Ý,0.53,0,0.53,39.96,41.14,1,Necrotrophic,Ò¶°ß,0.022222222,0.022222222
GenuineShrub,B6,¿íÌ¦²Ý,2.34,0,2.34,,,1,Biotrophic,ºÚÐâ,0.04,0
GenuineShrub,B6,ÒìÕëÃ©,3,0.3248,3.3248,97.8,98.6,1,0,0,0,0
GenuineShrub,B6,´äÈ¸,0,0.007,0.007,6.7,7.3,1,0,0,0,0
GenuineShrub,B6,¸ßÉ½¶¹,0,0.0755,0.0755,10.45,11.1,1,0,0,0,0.027777778
FakeShrub,B4,¸ßÔ­Ã«Ý¢,5,0.0829,5.0829,10.325,10.7,1,0,0,0,0.166666667
FakeShrub,B4,¸ßÉ½¶¹,0.09,0.3373,0.4273,11.76,13.2,1,0,0,0,0
FakeShrub,B4,Èé½¬´óêª,0.6,0.2301,0.8301,21.3,22.04,1,Necrotrophic,Ò¶°ß,0.006666667,0
FakeShrub,B4,¶þÁÑÎ¯Áê²Ë,0.03,0,0.03,,,1,0,0,0,0
FakeShrub,B4,»ªÎ÷Î¯Áê²Ë,0.77,0.4695,1.2395,12.48,12.84,1,0,0,0,0
FakeShrub,B4,ÔçÊìºÌ,0.13,0.1633,0.2933,30.08,36.22,1,0,0,0,0
FakeShrub,B4,ÒìÕëÃ©,0.54,1.2375,1.7775,57.08,60.02,1,0,0,0,0
FakeShrub,B4,Äá²´¶ûÓ¬×Ó²Ý,0.01,0,0.01,,,1,0,0,0,0
FakeShrub,B4,Ï¸Ò¶ÑÇ¾Õ,0.12,0.8753,0.9953,20.12,21.08,1,0,0,0,0
FakeShrub,B4,µØ¶¡,0.04,0,0.04,,,1,0,0,0,0
FakeShrub,B4,Ì¦²Ý,4.47,0.3678,4.8378,18.78,19.4,1,Necrotrophic,Ò¶¿Ý,0.04,0
FakeShrub,B4,ÐÇ×´·çÃ«¾Õ,1.26,0,1.26,,,1,0,0,0,0
FakeShrub,B4,ÖÐ¹úÂíÏÈÝï,0.03,0,0.03,,,1,0,0,0,0
FakeShrub,B4,ÏßÒ¶Áúµ¨,0.14,0,0.14,,,1,0,0,0,0
FakeShrub,B4,´ÌÃ¢Áúµ¨,0.45,0,0.45,,,1,0,0,0,0
FakeShrub,B4,Ã«¹ûÆÅÆÅÄÉ,0.05,0,0.05,,,1,Necrotrophic,Ò¶¿Ý,0.02,0
FakeShrub,B4,ÏßÒ¶áÔ²Ý,2.79,0.0776,2.8676,19.62,21.64,1,Necrotrophic,Ò¶°ß,0.026666667,0.06
FakeShrub,B4,ºÌ²Ý,11.1,0,11.1,,,1,Necrotrophic,Ò¶°ß,0.02,0.073333333
FakeShrub,B4,·±ÂÆ,0.0043,0,0.0043,,,1,0,0,0,0
FakeShrub,B4,»ÆÜÎ,0.0298,0,0.0298,,,1,0,0,0,0
FakeShrub,B4,ÆÑ¹«Ó¢,0.0071,0,0.0071,,,1,0,0,0,0
FakeShrub,B4,Ã¢œÍ²Ý,0,0.8319,0.8319,47.88,54.06,1,0,0,0,0
FakeShrub,B4,¶ÛÁÑÒøÁ«»¨,0,0.1315,0.1315,11.63333333,11.86666667,1,0,0,0,0
FakeShrub,B4,Ð¡»¨²ÝÓñÃ·,0,0.1126,0.1126,14.85,15.4,1,Necrotrophic,ºÖ°ß,0.1,0
Control,B6,¶ÛÁÑÒøÁ«»¨,0.04,0.2759,0.3159,15.44,16.16,1,0,0,0,0.023809524
Control,B6,¶ÛÁÑÒøÁ«»¨,0.04,0.2759,0.3159,15.44,16.16,2,0,0,0,0.166666667
Control,B6,Î÷²ØÇž²Ë,0.06,0,0.06,,,1,0,0,0,0
Control,B6,Äá²´¶ûÓ¬×Ó²Ý,0.18,0,0.18,,,1,0,0,0,0
Control,B6,¸ßÉ½¾Â,0.41,0,0.41,,,1,0,0,0,0
Control,B6,½ÇÅÌÀ¼,0.29,0,0.29,,,1,0,0,0,0.013333333
Control,B6,¸ßÉ½ÌÆËÉ²Ý,1.19,0.3515,1.5415,14.5,15.56,1,0,0,0,0.013333333
Control,B6,ÏßÒ¶áÔ²Ý,2.38,0.118,2.498,18.8,19.94,1,Necrotrophic,Ò¶°ß,0.033333333,0
Control,B6,ÖÐ¹úÂíÏÈÝï,0.02,17.3121,17.3321,24.58,25.5,1,0,0,0,0
Control,B6,ÐÇ×´·çÃ«¾Õ,0.62,0,0.62,,,1,0,0,0,0
Control,B6,Ë«ÖùÍ·Ë‘²Ý,0.14,0,0.14,,,1,Necrotrophic,Ò¶¿Ý,0.111111111,0
Control,B6,ºÌ²Ý,6.7,0,6.7,,,1,Necrotrophic,Ò¶¿Ý,0.04,0.02
Control,B6,ÒìÕëÃ©,0.38,1.5206,1.9006,55.32,57.46,1,Necrotrophic,Ò¶¿Ý,0.023809524,0
Control,B6,»ÆÖãéÒÎá,3.96,2.8567,6.8167,23.9,24.5,1,Necrotrophic,ºÖ°ß,0.2,0.055555556
Control,B6,ÌõÒ¶ÒøÁ«»¨,0.04,0.4741,0.5141,9.32,10.1,1,0,0,0,0.075757576
Control,B6,»ÆÜÎ,0.04,0,0.04,,,1,0,0,0,0.133333333
Control,B6,»ÆÜË,1.67,1.2072,2.8772,22.32,22.82,1,Necrotrophic,Ò¶°ß,0.013333333,0
Control,B6,ÆÑ¹«Ó¢,0.39,0,0.39,,,1,0,0,0,0
Control,B6,Ð¡»¨²ÝÓñÃ·,0.25,1.1163,1.3663,17.14,17.52,1,0,0,0,0.023809524
Control,B6,Ì¦²Ý,3.16,0.8788,4.0388,40.94,43.96,1,Necrotrophic,Ò¶¿Ý,0.073333333,0
Control,B6,·±ÂÆ,0.004,0,0.004,,,1,0,0,0,0
Control,B6,¸ßÔ­Ã«Ý¢,0,0.0168,0.0168,6.95,7.3,1,0,0,0,0
Control,B6,¸ßÉ½¶¹,0,0.1762,0.1762,7.9,8.533333333,1,0,0,0,0.033333333
Control,B6,°«ÔóÇÛ,0,0.0061,0.0061,6.8,7.15,1,0,0,0,0
Control,B6,¼ô¹ÉÓ±,0,1.711,1.711,62.72,63.48,1,0,0,0,0
Control,B6,´ØÉú¾í¶ú,0.0091,0,0.0091,,,1,0,0,0,0
Control,B6,Ã«¹ûÆÅÆÅÄÉ,0.0089,0,0.0089,,,1,0,0,0,0.041666667
Control,B9,Ð¡»¨²ÝÓñÃ·,2.1222,1.0207,3.1429,14.84,15.32,1,Necrotrophic,ºÖ°ß,0.1,0
Control,B9,¸ßÉ½¾Â,0.9662,0,0.9662,,,1,0,0,0,0
Control,B9,ÖÐ¹úÂíÏÈÝï,0,0.0198,0.0198,3.1,3.4,1,0,0,0,0
Control,B9,ÐÇ×´·çÃ«¾Õ,0.9662,0,0.9662,,,1,0,0,0,0
Control,B9,ÍÖÔ²Ò¶»¨Ãª,1.2162,0,1.2162,,,1,0,0,0,0
Control,B9,Ì¦²Ý,3.9191,0.4794,4.3985,27.92,29.42,1,Necrotrophic,ºÖ°ß,0.033333333,0
Control,B9,ºÌ²Ý,5.6698,0,5.6698,,,1,Necrotrophic,ºÖ°ß,0.02,0
Control,B9,¸ßÉ½ÌÆËÉ²Ý,0.849,0.3877,1.2367,19.14,19.94,1,Necrotrophic,ºÖ°ß,0.006666667,0.006666667
Control,B9,Èé½¬´óêª,0.0416,0.196,0.2376,16.62,17.96,1,0,0,0,0
Control,B9,ÏßÒ¶áÔ²Ý,2.4665,0.113,2.5795,23.76,25.22,1,Necrotrophic,Ò¶°ß,0.026666667,0
Control,B9,»ÆÜË,0.1217,0.3549,0.4766,15.12,15.72,1,0,0,0,0
Control,B9,ÀÏðÙ²Ý,1.3162,0.0978,1.414,15.36,15.82,1,Necrotrophic,ºÖ°ß,0.033333333,0
Control,B9,»ÆÜÎ,0.0999,0.1398,0.2397,9.2,10.28,1,0,0,0,0.041666667
Control,B9,ÆÑ¹«Ó¢,1.3116,0,1.3116,,,1,Necrotrophic,ºÖ°ß,0.022222222,0.011111111
Control,B9,Ã«¹ûÆÅÆÅÄÉ,0.1216,0,0.1216,,,1,0,0,0,0
Control,B9,»ªÎ÷Î¯Áê²Ë,0.1226,0.0207,0.1433,7.1,7.5,1,0,0,0,0
Control,B9,´äÈ¸,0.0162,0.0303,0.0465,8.6,8.9,1,0,0,0,0
Control,B9,Äá²´¶ûÓ¬×Ó²Ý,0.0122,0,0.0122,,,1,Necrotrophic,ºÖ°ß,0.041666667,0
Control,B9,Ð¡Ã×²Ý,0.0098,0.0497,0.0595,13.28,14.22,1,0,0,0,0
Control,B9,×ÏÝÒ,0.1222,0.65,0.7722,12.7,13.36,1,0,0,0,0
Control,B9,¼¬¶¹,0.6172,1.076,1.6932,17.44,18.46,1,0,0,0,0
Control,B9,¶ÛÁÑÒøÁ«»¨,0.0126,0,0.0126,,,1,0,0,0,0
FakeShrub,B7,°«ÔóÇÛ,0.2231,0.0634,0.2865,12.66,13.08,1,0,0,0,0.006666667
FakeShrub,B7,ÀÏðÙ²Ý,0.0374,0.0591,0.0965,14.54,15.36,1,Necrotrophic,Ò¶°ß,0.027777778,0
FakeShrub,B7,»ÆÜË,0.0155,0.3174,0.3329,20.7,22.95,1,0,0,0,0
FakeShrub,B7,Ð¡Ã×²Ý,0.0344,0.1633,0.1977,15.18,16.1,1,0,0,0,0
FakeShrub,B7,½ÇÅÌÀ¼,0.0027,0,0.0027,,,1,0,0,0,0
FakeShrub,B7,»ÆÜÎ,0.0137,0.4502,0.4639,17.975,18.825,1,0,0,0,0
FakeShrub,B7,»ªÎ÷Î¯Áê²Ë,0.0031,0.2745,0.2776,9.975,10.825,1,0,0,0,0
FakeShrub,B7,´ØÉú¾í¶ú,0.038,0,0.038,,,1,0,0,0,0
FakeShrub,B7,ÖÐ¹úÂíÏÈÝï,0.0196,0,0.0196,,,1,0,0,0,0
FakeShrub,B7,¸ÊËàÂíÏÈÝï,0.0433,0,0.0433,,,1,0,0,0,0
FakeShrub,B7,ËáÄ£,0.0037,0.0814,0.0851,21.7,22.4,1,0,0,0,0
FakeShrub,B7,Ð¡»¨²ÝÓñÃ·,2.03,1.3305,3.3605,24.5,25.06,1,Necrotrophic,Ò¶°ß,0.05,0.016666667
FakeShrub,B7,¸ßÉ½ÌÆËÉ²Ý,0.23,0.1401,0.3701,11.88,12.28,1,Necrotrophic,ºÖ°ß,0.05,0.05
FakeShrub,B7,ÏßÒ¶áÔ²Ý,0.74,0.0732,0.8132,22.34,23.02,1,Necrotrophic,Ò¶¿Ý,0.013333333,0
FakeShrub,B7,Ì¦²Ý,2.53,0.7004,3.2304,28.34,28.82,1,Necrotrophic,Ò¶¿Ý,0.033333333,0
FakeShrub,B7,ÐÇ×´·çÃ«¾Õ,1.28,0,1.28,,,1,0,0,0,0
FakeShrub,B7,ºÌ²Ý,5.1,0,5.1,,,1,Necrotrophic,Ò¶°ß,0.04,0
FakeShrub,B7,ÈðÜß²Ý,1.43,1.0504,2.4804,20.36,20.78,1,Necrotrophic,ºÖ°ß,0.006666667,0.006666667
Control,B2,×ÏÝÒ,0.0901,1.294,1.3841,17.94,18.48,1,0,0,0,0.055555556
Control,B2,¶ÛÁÑÒøÁ«»¨,0.27,0.6181,0.8881,14.5,14.82,1,Necrotrophic,ºÖ°ß,0.047619048,0
Control,B2,Èé½¬´óêª,0.63,0.322,0.952,14.5,15.82,1,Necrotrophic,Ò¶¿Ý,0.013333333,0
Control,B2,Èé½¬´óêª,0.63,0.322,0.952,14.5,15.82,2,Biotrophic,Ðâ²¡,0.02,0
Control,B2,¼ô¹ÉÓ±,0,0.6623,0.6623,64.14,65,1,Necrotrophic,Ò¶¿Ý,0.066666667,0.033333333
Control,B2,ÅûÕëÒ¶»Æ»ª,0,0.3284,0.3284,19.2,19.6,1,Necrotrophic,Ò¶¿Ý,0.138888889,0
Control,B2,ÀÏðÙ²Ý,0,0.0222,0.0222,10.43333333,10.96666667,1,Necrotrophic,ºÖ°ß,0.111111111,0
Control,B2,´ØÉú¾í¶ú,0.0408,0,0.0408,,,1,0,0,0,0
Control,B2,Ò°ºúÂÜ²·,0.1,0,0.1,,,1,Necrotrophic,Ò¶¿Ý,0.033333333,0
Control,B2,»ÆÜÎ,0.0211,0,0.0211,,,1,0,0,0,0
Control,B2,ÆÑ¹«Ó¢,0.0145,0,0.0145,,,1,0,0,0,0
Control,B2,ÔçÊìºÌ,0.54,0.4394,0.9794,37.98,39.3,1,Necrotrophic,Ò¶¿Ý,0.166666667,0
Control,B2,Ì¦²Ý,1.56,0.2592,1.8192,18.06,19.02,1,Necrotrophic,Ò¶¿Ý,0.026666667,0
Control,B2,ÐÇ×´·çÃ«¾Õ,0.194,0,0.194,,,1,0,0,0,0
Control,B2,ºÌ²Ý,9.41,0,9.41,,,1,Necrotrophic,Ò¶¿Ý,0.053333333,0
Control,B2,ÏßÒ¶áÔ²Ý,1.1,0.1427,1.2427,21.42,22.92,1,Necrotrophic,Ò¶¿Ý,0.013333333,0
Control,B2,ÈðÜß²Ý,4.09,2.1296,6.2196,20.32,20.94,1,Necrotrophic,ºÖ°ß,0.133333333,0.006666667
Control,B2,ÈðÜß²Ý,4.09,2.1296,6.2196,20.32,20.94,2,Necrotrophic,ºÖ°ß,0.133333333,0.006666667
Control,B2,»ÆÜË,2.01,0.9871,2.9971,16.98,17.72,1,Necrotrophic,Ò¶°ß,0.04,0
Control,B2,Ð¡»¨²ÝÓñÃ·,0.0224,0.1916,0.214,9.866666667,10.16666667,1,Necrotrophic,ºÖ°ß,0.083333333,0.033333333
Control,B2,ÌõÒ¶ÒøÁ«»¨,0.0348,0,0.0348,,,1,0,0,0,0
Control,B2,¸ßÉ½ÌÆËÉ²Ý,0.31,0.199,0.509,11.96,12.6,1,Necrotrophic,ºÖ°ß,0.013333333,0
Control,B2,Ã¢œÍ²Ý,0.52,1.5218,2.0418,61.3,64.04,1,0,0,0,0
Control,B2,Ã«¹ûÆÅÆÅÄÉ,0.22,0,0.22,,,1,0,0,0,0
RemovedShrub,B4,Ò°ºúÂÜ²·,0.0176,0,0.0176,,,1,0,0,0,0
RemovedShrub,B4,½ÇÅÌÀ¼,0.0076,0,0.0076,,,1,0,0,0,0
RemovedShrub,B4,ÔçÊìºÌ,0.1106,0.3398,0.4504,43.32,43.8,1,0,0,0,0
RemovedShrub,B4,´ØÉú¾í¶ú,0.0087,0,0.0087,,,1,0,0,0,0
RemovedShrub,B4,Èé½¬´óêª,0.0314,0.3633,0.3947,18.1,19.22,1,Biotrophic,Ðâ²¡,0.08,0
RemovedShrub,B4,Ð¡»¨²ÝÓñÃ·,0.0276,0.6174,0.645,23.1,23.4,1,Necrotrophic,ºÖ°ß,0.083333333,0.041666667
RemovedShrub,B4,¶ÛÁÑÒøÁ«»¨,0.0523,0.157,0.2093,10.14,11.26,1,Necrotrophic,Ò¶°ß,0.166666667,0
RemovedShrub,B4,¸ßÔ­Ã«Ý¢,0.0367,0.0649,0.1016,10.28,10.76,1,0,0,0,0
RemovedShrub,B4,¼¬¶¹,0.0168,0.0391,0.0559,8.62,9.82,1,0,0,0,0.083333333
RemovedShrub,B4,¸ßÉ½¾Â,0.2454,0,0.2454,,,1,Necrotrophic,Ò¶¿Ý,0.014492754,0.007246377
RemovedShrub,B4,ËáÄ£,0.0302,0.0252,0.0554,12.6,13,1,0,0,0,0
RemovedShrub,B4,¶þÁÑÎ¯Áê²Ë,0.0837,0,0.0837,,,1,0,0,0,0
RemovedShrub,B4,ÀÏðÙ²Ý,0.83,0.1111,0.9411,16.7,18.02,1,Necrotrophic,Ò¶°ß,0.066666667,0.026666667
RemovedShrub,B4,¸ßÉ½ÌÆËÉ²Ý,0.31,0.2113,0.5213,13.8,14.16,1,Necrotrophic,Ò¶¿Ý,0.013333333,0
RemovedShrub,B4,Èé°×ÏãÇà,0.09,0,0.09,,,1,0,0,0,0.055555556
RemovedShrub,B4,»ÆÜË,1.78,0.5876,2.3676,17.22,17.48,1,Necrotrophic,ºÖ°ß,0.013333333,0.013333333
RemovedShrub,B4,ÏßÒ¶áÔ²Ý,0.85,0.04,0.89,15.8,16.52,1,Necrotrophic,Ò¶¿Ý,0.013333333,0
RemovedShrub,B4,ÐÇ×´·çÃ«¾Õ,2.41,0,2.41,,,1,0,0,0,0
RemovedShrub,B4,ÒìÕëÃ©,2.12,1.7871,3.9071,65.78,67.36,1,Biotrophic,ºÚ·Û,0.125,0
RemovedShrub,B4,ÃÉ¹ÅÝï,1.45,0,1.45,,,1,0,0,0,0
RemovedShrub,B4,ÏßÒ¶Áúµ¨,0.41,0,0.41,,,1,0,0,0,0
RemovedShrub,B4,Ì¦²Ý,14.69,1.0306,15.7206,36.64,36.96,1,Necrotrophic,Ò¶¿Ý,0.08,0.02
RemovedShrub,B4,ºÌ²Ý,14.7,0,14.7,,,1,Necrotrophic,Ò¶¿Ý,0.053333333,0.013333333
RemovedShrub,B4,Ã¢œÍ²Ý,0,0.4931,0.4931,63.2,63.65,1,0,0,0,0
RemovedShrub,B4,×ÏÝÒ,0,1.1417,1.1417,13.64,15.14,1,Necrotrophic,ºÖ°ß,0.041666667,0.041666667
RemovedShrub,B4,×ÏÝÒ,0,1.1417,1.1417,13.64,15.14,2,Necrotrophic,ºÖ°ß,0.041666667,0.041666667
Control,B3,ÈðÜß²Ý,9.94,1.6237,11.5637,23.96,25.4,1,Necrotrophic,ºÖ°ß,0.026666667,0.053333333
Control,B3,Ì¦²Ý,10.92,1.4736,12.3936,49.12,51.62,1,Necrotrophic,Ò¶¿Ý,0.053333333,0.02
Control,B3,×ÏÝÒ,0.037,0.0638,0.1008,13.6,15.1,1,0,0,0,0.083333333
Control,B3,Èé½¬´óêª,0.0088,0.0669,0.0757,12.68,13.56,1,0,0,0,0
Control,B3,»ÆÜÎ,0.0033,0.1242,0.1275,11.46,12.76,1,0,0,0,0.009803922
Control,B3,Åî×Ó²Ë,0.0501,0,0.0501,,,1,0,0,0,0
Control,B3,»ÆÜË,0.3,1.4849,1.7849,22.94,23.72,1,Necrotrophic,Ò¶°ß,0.006666667,0
Control,B3,Ò°ºúÂÜ²·,1.88,0,1.88,,,1,0,0,0,0
Control,B3,ÀÏðÙ²Ý,0.63,0.2426,0.8726,20.46,21.566,1,Necrotrophic,Ò¶°ß,0.04,0
Control,B3,ÜÙÞ£,0.17,0,0.17,,,1,0,0,0,0.018518519
Control,B3,Ð¡»¨²ÝÓñÃ·,1.5,1.9541,3.4541,25.4,25.94,1,Necrotrophic,ºÖ°ß,0.027777778,0
Control,B3,Î÷²ØÝÀ²Ë,0,0.0043,0.0043,3,3.2,1,0,0,0,0
Control,B3,ÒìÕëÃ©,0,0.6644,0.6644,32.7,32.9,1,0,0,0,0
Control,B3,¸ßÔ­Ã«Ý¢,0,0.0112,0.0112,5.9,6.8,1,0,0,0,0
Control,B3,ºÌ²Ý,2.56,0,2.56,,,1,Necrotrophic,Ò¶¿Ý,0.026666667,0.02
RemovedShrub,B7,Ì¦²Ý,0.96,0.4408,1.4008,25.96,26.64,1,Necrotrophic,Ò¶°ß,0.013333333,0
RemovedShrub,B7,ÔçÊìºÌ,0.22,0,0.22,,,1,0,0,0,0
RemovedShrub,B7,·±ÂÆ,1.01,0,1.01,,,1,0,0,0,0
RemovedShrub,B7,ÈðÜß²Ý,0.19,1.0074,1.1974,21.1,21.42,1,Necrotrophic,ºÖ°ß,0.055555556,0.111111111
RemovedShrub,B7,ÈðÜß²Ý,0.19,1.0074,1.1974,21.1,21.42,2,Necrotrophic,ºÖ°ß,0.055555556,0.027777778
RemovedShrub,B7,»ÆÜË,0.59,1.0805,1.6705,21.62,22.84,1,Necrotrophic,Ò¶°ß,0.026666667,0.013333333
RemovedShrub,B7,ÀÏðÙ²Ý,1.43,0.1432,1.5732,18.6,19.4,1,Necrotrophic,Ò¶¿Ý,0.04,0.006666667
RemovedShrub,B7,ÏßÒ¶áÔ²Ý,0.77,0.0335,0.8035,18.36,19.28,1,Necrotrophic,Ò¶¿Ý,0.013333333,0
RemovedShrub,B7,´ØÉú¾í¶ú,0.7,0,0.7,,,1,0,0,0,0
RemovedShrub,B7,ºÌ²Ý,7.55,0,7.55,,,1,Necrotrophic,Ò¶¿Ý,0.026666667,0.02
RemovedShrub,B7,´¹ËëÅû¼î²Ý,11.4,1.0181,12.4181,63.52,66.3,1,Necrotrophic,Ò¶¿Ý,0.066666667,0
RemovedShrub,B7,¸ßÉ½ÌÆËÉ²Ý,0,0.1097,0.1097,19.2,19.7,1,Necrotrophic,ºÖ°ß,0.111111111,0
RemovedShrub,B7,Ð¡»¨²ÝÓñÃ·,0,0.4405,0.4405,16.6,17.2,1,0,0,0,0.111111111
RemovedShrub,B7,Ð¡»¨²ÝÓñÃ·,0,0.4405,0.4405,16.6,17.2,2,0,0,0,0.055555556
RemovedShrub,B1,Èé½¬´óêª,0.1572,0.1274,0.2846,13.96,14.5,1,Necrotrophic,ºÖ°ß,0.02,0
RemovedShrub,B1,Èé½¬´óêª,0.1572,0.1274,0.2846,13.96,14.5,2,Biotrophic,Ðâ²¡,0.033333333,0
RemovedShrub,B1,Ð¡»¨²ÝÓñÃ·,0.0353,1.3758,1.4111,15.42,15.7,1,Necrotrophic,ºÖ°ß,0.25,0
RemovedShrub,B1,Ð¡Ã×²Ý,0.0075,0,0.0075,,,1,0,0,0,0
RemovedShrub,B1,Ã«¹ûÆÅÆÅÄÉ,0.1363,0,0.1363,,,1,0,0,0,0.015151515
RemovedShrub,B1,ÀÏðÙ²Ý,0.2292,0.161,0.3902,13.34,13.96,1,Necrotrophic,ºÖ°ß,0.033333333,0
RemovedShrub,B1,¶ÛÁÑÒøÁ«»¨,0.0184,0.2674,0.2858,6.8,7.42,1,Necrotrophic,ºÖ°ß,0.083333333,0.083333333
RemovedShrub,B1,¸ßÔ­Ã«Ý¢,4.00E-04,0.0534,0.0538,8.48,8.72,1,0,0,0,0
RemovedShrub,B1,×ÏÝÒ,0.0995,0,0.0995,,,1,0,0,0,0.083333333
RemovedShrub,B1,×ÏÝÒ,0.0995,0,0.0995,,,2,0,0,0,0.166666667
RemovedShrub,B1,¸ßÉ½¶¹,0.0098,0.1736,0.1834,9.6,10.05,1,0,0,0,0
RemovedShrub,B1,ÍÖÔ²Ò¶»¨Ãª,0.0066,0,0.0066,,,1,0,0,0,0
RemovedShrub,B1,»ÆÜË,0.1064,0.6842,0.7906,17.4,17.62,1,Necrotrophic,ºÖ°ß,0.06,0
RemovedShrub,B1,¸ßÉ½¾Â,0.2144,0,0.2144,,,1,0,0,0,0
RemovedShrub,B1,ÐÇ×´·çÃ«¾Õ,0.5274,0,0.5274,,,1,0,0,0,0
RemovedShrub,B1,·±ÂÆ,0.0681,0,0.0681,,,1,0,0,0,0
RemovedShrub,B1,¸ßÉ½ÌÆËÉ²Ý,0.1413,0,0.1413,,,1,Necrotrophic,ºÖ°ß,0.033333333,0.013333333
RemovedShrub,B1,ÒìÕëÃ©,0.1957,1.7173,1.913,57.7,58.58,1,0,0,0,0
RemovedShrub,B1,´ØÉú¾í¶ú,0.0066,0,0.0066,,,1,0,0,0,0
RemovedShrub,B1,ËáÄ£,0.0025,0.0808,0.0833,11.75,12.25,1,0,0,0,0.333333333
RemovedShrub,B1,ÏßÒ¶áÔ²Ý,4,0.2152,4.2152,25.3,25.66,1,Necrotrophic,Ò¶°ß,0.02,0
RemovedShrub,B1,ÈðÜß²Ý,0.15,0.5928,0.7428,13.7,14.08,1,Necrotrophic,ºÖ°ß,0.116666667,0.066666667
RemovedShrub,B1,¿íÌ¦²Ý,0.04,0,0.04,,,1,Necrotrophic,Ò¶°ß,0.071428571,0
RemovedShrub,B1,ÔçÊìºÌ,0.04,0,0.04,,,1,0,0,0,0
RemovedShrub,B1,¶þÁÑÎ¯Áê²Ë,0.32,0,0.32,,,1,Necrotrophic,ºÖ°ß,0.041666667,0.041666667
RemovedShrub,B1,Ì¦²Ý,7,0.4094,7.4094,25.82,26.18,1,Necrotrophic,Ò¶°ß,0.013333333,0
RemovedShrub,B1,ºÌ²Ý,10.29,0,10.29,,,1,Necrotrophic,Ò¶°ß,0.026666667,0.02
RemovedShrub,B1,´äÈ¸,0,0.0181,0.0181,7.4,7.5,1,0,0,0,0
RemovedShrub,B1,Ã¢œÍ²Ý,0,0.8031,0.8031,47.98,48.54,1,Necrotrophic,Ò¶°ß,0.033333333,0
RemovedShrub,B1,°«ÔóÇÛ,4.00E-04,0.0244,0.0248,4.14,4.48,1,0,0,0,0.033333333
FakeShrub,B1,ÈðÜß²Ý,2.25,2.1926,4.4426,29.34,30.52,1,Necrotrophic,ºÖ°ß,0.033333333,0.02
FakeShrub,B1,ÌõÒ¶ÒøÁ«»¨,0.35,0.4733,0.8233,14.48,14.94,1,0,0,0,0
FakeShrub,B1,Ì¦²Ý,15,1.5314,16.5314,49.68,55.4,1,Necrotrophic,Ò¶¿Ý,0.046666667,0
FakeShrub,B1,¿íÌ¦²Ý,1.63,0,1.63,,,1,Necrotrophic,Ò¶¿Ý,0.02,0
FakeShrub,B1,¸ßÉ½ÌÆËÉ²Ý,1.6811,0.1645,1.8456,20.4,21.04,1,Necrotrophic,ºÖ°ß,0.02,0.006666667
FakeShrub,B1,Ë«ÖùÍ·Ë‘²Ý,0.0794,0,0.0794,,,1,Necrotrophic,Ò¶¿Ý,0.055555556,0
FakeShrub,B1,Ã¢œÍ²Ý,0.406,0,0.406,,,1,0,0,0,0
FakeShrub,B1,ºÌ²Ý,3.3357,0,3.3357,,,1,Necrotrophic,Ò¶¿Ý,0.066666667,0
FakeShrub,B1,Èé½¬´óêª,1.6612,0.7325,2.3937,30.5,32.2,1,Biotrophic,Ðâ²¡,0.126666667,0
FakeShrub,B1,ÀÏðÙ²Ý,0.1863,0.0788,0.2651,16.64,17.54,1,Necrotrophic,Ò¶°ß,0.022222222,0
FakeShrub,B1,¼¬¶¹,0.0148,0.2346,0.2494,15.58,16.98,1,0,0,0,0
FakeShrub,B1,ÏßÒ¶áÔ²Ý,0.925,0.2061,1.1311,24.5,29.34,1,Necrotrophic,ºÖ°ß,0.026666667,0
FakeShrub,B1,ÐÇ×´·çÃ«¾Õ,0.0198,0,0.0198,,,1,Necrotrophic,ºÖ°ß,0.166666667,0
FakeShrub,B1,¶ÛÁÑÒøÁ«»¨,0.0597,0.2082,0.2679,15.36,16.04,1,0,0,0,0
FakeShrub,B1,´ØÉú¾í¶ú,0.0062,0,0.0062,,,1,0,0,0,0
FakeShrub,B1,»ªÎ÷Î¯Áê²Ë,0.0042,0.0559,0.0601,8.133333333,8.533333333,1,Necrotrophic,ºÖ°ß,0.111111111,0
FakeShrub,B1,ËáÄ£,0.0057,0.051,0.0567,12.55,13.35,1,0,0,0,0
FakeShrub,B1,¶Ü¹û²Ý,0.1099,0,0.1099,,,1,Necrotrophic,ºÖ°ß,0.023809524,0.047619048
FakeShrub,B1,×ÏÝÒ,0.027,0,0.027,,,1,0,0,0,0
FakeShrub,B1,ÏßÒ¶Áúµ¨,0.04,0,0.04,,,1,0,0,0,0
FakeShrub,B1,´ÌÃ¢Áúµ¨,0.11,0,0.11,,,1,0,0,0,0
FakeShrub,B1,»ÆÜÎ,0.06,0.2732,0.3332,13.8,15.24,1,0,0,0,0.012820513
FakeShrub,B1,°«ÔóÇÛ,0,0.0105,0.0105,13.3,14.1,1,0,0,0,0
FakeShrub,B1,´äÈ¸,0,1.4786,1.4786,28.68,29.72,1,0,0,0,0
FakeShrub,B2,ÒìÕëÃ©,0,0.6382,0.6382,58.76666667,63.06666667,1,0,0,0,0
FakeShrub,B2,»ÆÜÎ,0,0.1264,0.1264,11.5,12.4,1,0,0,0,0.333333333
FakeShrub,B2,´¹ËëÅû¼î²Ý,0,1.5946,1.5946,60.16,68.08,1,0,0,0,0
FakeShrub,B2,ÏßÒ¶áÔ²Ý,0.7087,0.0821,0.7908,22.58,23.08,1,Necrotrophic,Ò¶°ß,0.02,0
FakeShrub,B2,°«ÔóÇÛ,0.0276,0.047,0.0746,8.72,9.1,1,0,0,0,0
FakeShrub,B2,Ã«¹ûÆÅÆÅÄÉ,0.0232,0,0.0232,,,1,0,0,0,0
FakeShrub,B2,¶ÛÁÑÒøÁ«»¨,0.0065,0.0636,0.0701,10.75,11.1,1,0,0,0,0
FakeShrub,B2,ÆÑ¹«Ó¢,0.0344,0,0.0344,,,1,0,0,0,0
FakeShrub,B2,ÈðÜß²Ý,2.39,0.6915,3.0815,17.08,17.48,1,Necrotrophic,ºÖ°ß,0.055555556,0
FakeShrub,B2,»ÆÜË,2.76,0.5633,3.3233,17.72,17.96,1,Necrotrophic,ºÖ°ß,0.026666667,0
FakeShrub,B2,¸ßÉ½¾Â,0.1496,0,0.1496,,,1,0,0,0,0
FakeShrub,B2,Ò°ºúÂÜ²·,0.0194,0,0.0194,,,1,0,0,0,0
FakeShrub,B2,ÌõÒ¶ÒøÁ«»¨,0.0123,0.146,0.1583,8.95,9.875,1,0,0,0,0
FakeShrub,B2,»ðÈÞ²Ý,0.0179,0,0.0179,,,1,0,0,0,0
FakeShrub,B2,»ªÎ÷Î¯Áê²Ë,0.0138,0,0.0138,,,1,0,0,0,0
FakeShrub,B2,Ï¸Ò¶ÑÇ¾Õ,0.1146,0.0914,0.206,14.22,15.72,1,0,0,0,0
FakeShrub,B2,ÐÇ×´·çÃ«¾Õ,0.0708,0,0.0708,,,1,0,0,0,0
FakeShrub,B2,Èé½¬´óêª,0.0077,0.0283,0.036,8.24,9.22,1,0,0,0,0
FakeShrub,B2,¸ßÔ­Ã«Ý¢,0.0028,0.0093,0.0121,11.2,11.6,1,0,0,0,0
FakeShrub,B2,µØ¶¡,0.0014,0,0.0014,,,1,0,0,0,0
FakeShrub,B2,·±ÂÆ,0.0025,0,0.0025,,,1,0,0,0,0
FakeShrub,B2,´äÈ¸,0.009,0,0.009,,,1,0,0,0,0
FakeShrub,B2,´ØÉú¾í¶ú,0.0748,0,0.0748,,,1,0,0,0,0
FakeShrub,B2,Ð¡»¨²ÝÓñÃ·,0.0229,0.6169,0.6398,19.625,20.6,1,0,0,0,0
FakeShrub,B2,Ì¦²Ý,3.84,0.6697,4.5097,37.32,38.62,1,Necrotrophic,ºÖ°ß,0.053333333,0
FakeShrub,B2,Ð¡Ã×²Ý,0.1142,0.0472,0.1614,13.72,14.26,1,0,0,0,0.006410256
FakeShrub,B2,¸ßÉ½ÌÆËÉ²Ý,0.58,0.1489,0.7289,15.26,16.22,1,Necrotrophic,ºÖ°ß,0.053333333,0.02
FakeShrub,B2,ÀÏðÙ²Ý,0.065,0.0491,0.1141,11.6,12.3,1,0,0,0,0.013888889
FakeShrub,B2,ºÌ²Ý,11.3,0,11.3,,,1,Necrotrophic,Ò¶¿Ý,0.02,0.013333333
GenuineShrub,B8,·±ÂÆ,0.0209,0,0.0209,,,1,0,0,0,0
GenuineShrub,B8,ÏßÒ¶áÔ²Ý,1.1351,0.0825,1.2176,23.06,24.36,1,Necrotrophic,Ò¶¿Ý,0.02,0
GenuineShrub,B8,ÐÇ×´·çÃ«¾Õ,0.0278,0,0.0278,,,1,0,0,0,0
GenuineShrub,B8,¸ßÉ½¾Â,0.82,0,0.82,,,1,0,0,0,0
GenuineShrub,B8,ÔçÊìºÌ,0.0403,0.2449,0.2852,37.82,38.08,1,0,0,0,0
GenuineShrub,B8,Èé½¬´óêª,0.0405,0.052,0.0925,12.24,13.2,1,Necrotrophic,Ò¶°ß,0.006666667,0
GenuineShrub,B8,ÊªÉúÈqÀÙ,0.0346,0,0.0346,,,1,0,0,0,0
GenuineShrub,B8,»ðÈÞ²Ý,0.0361,0,0.0361,,,1,0,0,0,0
GenuineShrub,B8,½ÇÅÌÀ¼,0.0047,0,0.0047,,,1,0,0,0,0
GenuineShrub,B8,ÀÏðÙ²Ý,0.0036,0.2676,0.2712,19.66,20.48,1,Necrotrophic,Ò¶°ß,0.025641026,0.064102564
GenuineShrub,B8,ÁÑÒ¶¶À»î,0.0194,0,0.0194,,,1,0,0,0,0
GenuineShrub,B8,»ÆÜÎ,0.8718,0,0.8718,,,1,0,0,0,0.013333333
GenuineShrub,B8,¸ßÉ½¶¹,0.0254,0.3874,0.4128,14.18,14.98,1,0,0,0,0.166666667
GenuineShrub,B8,À­À­ÌÙ,0.4986,0,0.4986,,,1,0,0,0,0
GenuineShrub,B8,¶Ü¹û²Ý,0.0449,0,0.0449,,,1,0,0,0,0
GenuineShrub,B8,¸ßÉ½ÌÆËÉ²Ý,0.0235,0.046,0.0695,8.04,8.26,1,Necrotrophic,Ò¶°ß,0.023809524,0.071428571
GenuineShrub,B8,´¹ËëÅû¼î²Ý,0.0315,3.2858,3.3173,85.06,88.14,1,0,0,0,0
GenuineShrub,B8,Ì¦²Ý,5.48,1.1447,6.6247,50.6,52.88,1,Necrotrophic,Ò¶¿Ý,0.066666667,0
GenuineShrub,B8,ºÌ²Ý,8.56,0,8.56,,,1,Necrotrophic,Ò¶¿Ý,0.033333333,0.026666667
GenuineShrub,B8,ºÌ²Ý,8.56,0,8.56,,,2,Biotrophic,ºÚÐâ,0.02,0.026666667
GenuineShrub,B8,Ð¡»¨²ÝÓñÃ·,0,1.941,1.941,20.68,21.76,1,Necrotrophic,ºÖ°ß,0.111111111,0.037037037
GenuineShrub,B8,ÅûÕëÒ¶»Æ»ª,0,2.6332,2.6332,26.26666667,27.26666667,1,Necrotrophic,Ò¶¿Ý,0.026666667,0.02
GenuineShrub,B8,»ªÎ÷Î¯Áê²Ë,0,0.3696,0.3696,11.6,12.38,1,Necrotrophic,Ò¶¿Ý,0.019607843,0.019607843
GenuineShrub,B8,¶ÛÁÑÒøÁ«»¨,0,0.5572,0.5572,18.72,19.52,1,Necrotrophic,ºÖ°ß,0.020833333,0.010416667
GenuineShrub,B8,´äÈ¸,0,0.0408,0.0408,7.34,7.68,1,Necrotrophic,ºÖ°ß,0.033333333,0
Control,B8,ÀÏðÙ²Ý,0.0226,0.0342,0.0568,11.7,12.34,1,0,0,0,0
Control,B8,Ã«¹ûÆÅÆÅÄÉ,0.37,0,0.37,,,1,0,0,0,0
Control,B8,´ØÉú¾í¶ú,0.0584,0,0.0584,,,1,0,0,0,0
Control,B8,ÊªÉúÈqÀÙ,0.0383,0,0.0383,,,1,0,0,0,0
Control,B8,ºÌ²Ý,11.43,0,11.43,,,1,Necrotrophic,Ò¶¿Ý,0.026666667,0
Control,B8,»ðÈÞ²Ý,0.0441,0,0.0441,,,1,0,0,0,0
Control,B8,»ªÎ÷Î¯Áê²Ë,0.14,0.2335,0.3735,9.84,10.52,1,Necrotrophic,ºÖ°ß,0.013888889,0
Control,B8,·±ÂÆ,0.0132,0,0.0132,,,1,0,0,0,0
Control,B8,»ÆÜÎ,2.26,0.8503,3.1103,22.72,23.68,1,0,0,0,0.02
Control,B8,¸ßÉ½¾Â,0.014,0,0.014,,,1,0,0,0,0
Control,B8,Èé½¬´óêª,0.09,0.0568,0.1468,9.72,10.42,1,Biotrophic,Ðâ²¡,0.006666667,0
Control,B8,Ò°ºúÂÜ²·,0.15,0,0.15,,,1,0,0,0,0
Control,B8,ÐÇ×´·çÃ«¾Õ,1.49,0,1.49,,,1,0,0,0,0
Control,B8,Ì¦²Ý,1.41,0.4773,1.8873,28.18,28.82,1,Necrotrophic,ºÖ°ß,0.02,0
Control,B8,ÔçÊìºÌ,0.26,0.1427,0.4027,23.56,25.56,1,0,0,0,0
Control,B8,ÈðÜß²Ý,0.68,0.6368,1.3168,14.82,15.52,1,Necrotrophic,ºÖ°ß,0.033333333,0.022222222
Control,B8,»ÆÖãéÒÎá,1.11,8.2761,9.3861,24.92,25.26,1,Necrotrophic,ºÖ°ß,0.416666667,0
Control,B8,ÏßÒ¶áÔ²Ý,1.26,0.0621,1.3221,16.28,16.66,1,Necrotrophic,Ò¶¿Ý,0.013333333,0
Control,B8,Ê¨ÑÀ·çÃ«¾Õ,4.34,0,4.34,,,1,Necrotrophic,Ò¶°ß,0.022222222,0
Control,B8,ÌõÒ¶ÒøÁ«»¨,0.15,0.2315,0.3815,8.14,8.62,1,0,0,0,0.037037037
Control,B8,¸ÊËàÂíÏÈÝï,0.23,0,0.23,,,1,0,0,0,0
Control,B8,Ð¡»¨²ÝÓñÃ·,0.0103,0.1653,0.1756,14.8,15.9,1,0,0,0,0
Control,B8,»ÆÜË,1.64,1.6162,3.2562,19.08,19.5,1,Necrotrophic,Ò¶°ß,0.013333333,0.006666667
Control,B8,´äÈ¸,0,0.101,0.101,15.9,16.2,1,Necrotrophic,ºÖ°ß,0.111111111,0
Control,B8,ÅûÕëÒ¶»Æ»ª,0,2.1461,2.1461,28.7,29,1,Necrotrophic,ºÖ°ß,0.02,0
Control,B8,¸ßÉ½ÌÆËÉ²Ý,0,0.0539,0.0539,9,9.75,1,Necrotrophic,ºÖ°ß,0.027777778,0.027777778
Control,B8,¶ÛÁÑÒøÁ«»¨,0,0.052,0.052,7,7.6,1,Necrotrophic,ºÖ°ß,0.020833333,0.020833333
Control,B8,Ã¢œÍ²Ý,0,0.5093,0.5093,34.72,34.84,1,Necrotrophic,Ò¶¿Ý,0.066666667,0
Control,B8,¸ßÉ½¶¹,0,0.1397,0.1397,8.5,9.18,1,Necrotrophic,Ò¶¿Ý,0.013888889,0.013888889
Control,B8,ÒìÕëÃ©,0,1.3931,1.3931,51.26,52.2,1,Necrotrophic,Ò¶¿Ý,0.083333333,0
FakeShrub,B6,ËáÄ£,0.0094,0.4177,0.4271,16.46,17.2,1,0,0,0,0
FakeShrub,B6,ÌõÒ¶ÒøÁ«»¨,0.0567,0.496,0.5527,13.18,13.48,1,0,0,0,0
FakeShrub,B6,¶ÛÁÑÒøÁ«»¨,0.2426,0.5948,0.8374,17.72,18.08,1,Necrotrophic,ºÖ°ß,0.033333333,0
FakeShrub,B6,ÏßÒ¶áÔ²Ý,0.5401,0.1102,0.6503,19.42,19.76,1,Necrotrophic,Ò¶°ß,0.013333333,0
FakeShrub,B6,Ì¦²Ý,5.4279,1.4584,6.8863,39.28,40.7,1,Necrotrophic,Ò¶°ß,0.08,0
FakeShrub,B6,ºÌ²Ý,5.2604,0,5.2604,,,1,Necrotrophic,Ò¶°ß,0.026666667,0
FakeShrub,B6,Ð¡»¨²ÝÓñÃ·,0.0024,0.0991,0.1015,14.7,15.5,1,0,0,0,0
FakeShrub,B6,ÈðÜß²Ý,0.6627,0.9158,1.5785,21.08,22.28,1,Necrotrophic,ºÖ°ß,0.116666667,0
FakeShrub,B6,¸ßÉ½¶¹,0.0349,0.3022,0.3371,12.26,13.02,1,0,0,0,0.055555556
FakeShrub,B6,ÆÑ¹«Ó¢,0.015,0,0.015,,,1,0,0,0,0
FakeShrub,B6,Åî×Ó²Ë,0.0606,0,0.0606,,,1,0,0,0,0
FakeShrub,B6,¸ßÉ½ÌÆËÉ²Ý,0.7177,0.1618,0.8795,16.26,16.76,1,Necrotrophic,ºÖ°ß,0.013333333,0
FakeShrub,B6,ÏßÒ¶Áúµ¨,0.2639,0,0.2639,,,1,0,0,0,0
FakeShrub,B6,»ªÎ÷Î¯Áê²Ë,0.0274,0.2584,0.2858,11.6,12.42,1,0,0,0,0
FakeShrub,B6,ÀÏðÙ²Ý,0.036,0.0503,0.0863,14.66,15.7,1,Necrotrophic,ºÖ°ß,0.033333333,0
FakeShrub,B6,Èé½¬´óêª,0.1521,0.1225,0.2746,18.24,19.04,1,Necrotrophic,Ò¶°ß,0.013333333,0
FakeShrub,B6,·±ÂÆ,0.0474,0,0.0474,,,1,0,0,0,0
FakeShrub,B6,×ÏÝÒ,0.0883,0.744,0.8323,13.98,14.6,1,0,0,0,0
FakeShrub,B6,À­À­ÌÙ,0.0051,0,0.0051,,,1,0,0,0,0
FakeShrub,B6,ÐÇ×´·çÃ«¾Õ,1.6055,0,1.6055,,,1,0,0,0,0
FakeShrub,B6,Ã«¹ûÆÅÆÅÄÉ,0.009,0,0.009,,,1,0,0,0,0
FakeShrub,B6,Ë«ÖùÍ·Ë‘²Ý,0.0242,0,0.0242,,,1,0,0,0,0
FakeShrub,B6,Ð¡Ã×²Ý,0,0.0037,0.0037,15.2,16.2,1,0,0,0,0
FakeShrub,B6,ÒìÕëÃ©,0,0.5956,0.5956,58.3,62.75,1,Necrotrophic,Ò¶°ß,0.083333333,0
FakeShrub,B6,»ÆÜÎ,0,0.0403,0.0403,11.95,12.5,1,0,0,0,0.083333333
FakeShrub,B6,¼ô¹ÉÓ±,0,1.1308,1.1308,60.88,67.14,1,Necrotrophic,Ò¶¿Ý,0.060606061,0.03030303
FakeShrub,B6,»ÆÖãéÒÎá,0,2.6048,2.6048,23.26,24,1,Necrotrophic,Ò¶¿Ý,0.033333333,0
FakeShrub,B6,»ÆÖãéÒÎá,0,2.6048,2.6048,23.26,24,2,Necrotrophic,ºÖ°ß,0.066666667,0
FakeShrub,B6,´äÈ¸,0,0.2275,0.2275,14.32,15.186,1,0,0,0,0.033333333
GenuineShrub,B2,´äÈ¸,0.0037,0,0.0037,,,1,0,0,0,0
GenuineShrub,B2,Èé½¬´óêª,0.0159,0.07633,0.09223,18.6,19.62,1,0,0,0,0
GenuineShrub,B2,µØ¶¡,0.0079,0,0.0079,,,1,0,0,0,0
GenuineShrub,B2,ÏßÒ¶áÔ²Ý,0.0221,0,0.0221,,,1,0,0,0,0
GenuineShrub,B2,ÜÙÞ£,0.0061,0,0.0061,,,1,0,0,0,0
GenuineShrub,B2,¸ßÔ­Ã«Ý¢,0.0027,0.0403,0.043,10.15,10.525,1,0,0,0,0
GenuineShrub,B2,·±ÂÆ,0.0062,0,0.0062,,,1,0,0,0,0
GenuineShrub,B2,ËáÄ£,0.0484,0.0929,0.1413,26.5,27.2,1,0,0,0,0
GenuineShrub,B2,Ð¡»¨²ÝÓñÃ·,0.1,0.7219,0.8219,22.425,24.575,1,0,0,0,0
GenuineShrub,B2,Ã«¹ûÆÅÆÅÄÉ,0.0091,0,0.0091,,,1,0,0,0,0
GenuineShrub,B2,Æ½³µÇ°,0.0182,0,0.0182,,,1,0,0,0,0
GenuineShrub,B2,×ÏÝÒ,0.06,1.1047,1.1647,17.92,19.72,1,0,0,0,0.166666667
GenuineShrub,B2,ÀÏðÙ²Ý,0.58,0.1182,0.6982,23.48,25.62,1,0,0,0,0
GenuineShrub,B2,ÃÉ¹ÅÝï,0.08,0,0.08,,,1,0,0,0,0
GenuineShrub,B2,ºÌ²Ý,5.87,0,5.87,,,1,Necrotrophic,Ò¶°ß,0.006666667,0
GenuineShrub,B2,Èé°×ÏãÇà,0.03,0,0.03,,,1,0,0,0,0
GenuineShrub,B2,¿íÌ¦²Ý,0.41,0,0.41,,,1,Necrotrophic,Ò¶¿Ý,0.016666667,0
GenuineShrub,B2,¿íÌ¦²Ý,0.41,0,0.41,,,2,Biotrophic,ºÚÐâ,0.008333333,0
GenuineShrub,B2,ÐÇ×´·çÃ«¾Õ,0.15,0,0.15,,,1,0,0,0,0
GenuineShrub,B2,»ÆÜË,2.04,0.6075,2.6475,22.12,23.64,1,Necrotrophic,ºÖ°ß,0.02,0
GenuineShrub,B2,´¹ËëÅû¼î²Ý,2.73,0.4924,3.2224,43.84,45.6,1,Necrotrophic,Ò¶¿Ý,0.013333333,0
GenuineShrub,B2,ÈðÜß²Ý,1.62,1.026,2.646,23.72,25.24,1,0,0,0,0.006666667
GenuineShrub,B2,Ì¦²Ý,0,0.1713,0.1713,26.73333333,28.36666667,1,Necrotrophic,Ò¶¿Ý,0.037037037,0
GenuineShrub,B2,ÒìÕëÃ©,0,0.4528,0.4528,54.1,58.95,1,0,0,0,0
GenuineShrub,B2,ÔçÊìºÌ,0,0.2752,0.2752,61.1,62.9,1,Necrotrophic,Ò¶¿Ý,0.1,0
GenuineShrub,B2,°«ÔóÇÛ,0,0.0321,0.0321,6.58,7.1,1,0,0,0,0
GenuineShrub,B2,»ÆÜÎ,0,0.34,0.34,12.14,12.98,1,0,0,0,0
RemovedShrub,B10,ºÌ²Ý,8.95,0,8.95,,,1,Necrotrophic,Ò¶°ß,0.013333333,0
RemovedShrub,B10,ÌõÒ¶ÒøÁ«»¨,0.0111,0.0791,0.0902,15.1,15.9,1,0,0,0,0
RemovedShrub,B10,ÏßÒ¶áÔ²Ý,0.15,0.1352,0.2852,23.96,25.76,1,0,0,0,0
RemovedShrub,B10,ÆÑ¹«Ó¢,0.0329,0,0.0329,,,1,0,0,0,0.166666667
RemovedShrub,B10,»ÆÜË,2.28,0.8167,3.0967,17.02,17.92,1,Necrotrophic,Ò¶°ß,0.026666667,0
RemovedShrub,B10,¸ßÉ½ÌÆËÉ²Ý,0.57,0.156,0.726,14.1,14.84,1,Necrotrophic,ºÖ°ß,0.02,0
RemovedShrub,B10,´äÈ¸,0.0014,0.847,0.8484,21.64,22.2,1,0,0,0,0
RemovedShrub,B10,¸ßÔ­Ã«Ý¢,0.18,0.0872,0.2672,9.02,10.34,1,0,0,0,0
RemovedShrub,B10,ÀÏðÙ²Ý,0.15,0.115,0.265,16.46,17.28,1,Necrotrophic,ºÖ°ß,0.025,0
RemovedShrub,B10,ÍÖÔ²Ò¶»¨Ãª,0.15,0,0.15,,,1,0,0,0,0
RemovedShrub,B10,Ì¦²Ý,0.19,0.3859,0.5759,25.78,26.92,1,Necrotrophic,Ò¶¿Ý,0.013333333,0.02
RemovedShrub,B10,×ÏÝÒ,0.0415,0,0.0415,,,1,0,0,0,0.166666667
RemovedShrub,B10,ËáÄ£,0.06,0.2316,0.2916,13.08,13.62,1,0,0,0,0.020833333
RemovedShrub,B10,°«ÔóÇÛ,0.1,0.0769,0.1769,12.22,12.86,1,Necrotrophic,Ò¶¿Ý,0.011111111,0.011111111
RemovedShrub,B10,·±ÂÆ,0.15,0,0.15,,,1,0,0,0,0
RemovedShrub,B10,ÈðÜß²Ý,6.01,0.8713,6.8813,20.26,21.04,1,Necrotrophic,Ò¶°ß,0.053333333,0.013333333
RemovedShrub,B10,Ã«¹ûÆÅÆÅÄÉ,1.11,0,1.11,,,1,0,0,0,0
RemovedShrub,B10,¶þÁÑÎ¯Áê²Ë,0.004,0,0.004,,,1,0,0,0,0
RemovedShrub,B10,¸ßÉ½¾Â,0.09,0,0.09,,,1,0,0,0,0.037037037
RemovedShrub,B10,´ÌÃ¢Áúµ¨,0.08,0,0.08,,,1,0,0,0,0
RemovedShrub,B10,Î÷²®ÀûÑÇÓ¬×Ó²Ý,0.06,0,0.06,,,1,0,0,0,0.011111111
RemovedShrub,B10,Ð¡°×»¨,0.05,0,0.05,,,1,Necrotrophic,Ò¶°ß,0.013333333,0.006666667
RemovedShrub,B10,ÃÉ¹ÅÝï,0.28,0,0.28,,,1,0,0,0,0
RemovedShrub,B10,¾í¶ú,0.1517,0,0.1517,,,1,Necrotrophic,Ò¶¿Ý,0.013333333,0
RemovedShrub,B10,ÒìÕëÃ©,0,1.8986,1.8986,70.925,72.175,1,0,0,0,0
RemovedShrub,B10,ÔçÊìºÌ,0,0.0699,0.0699,58.8,61.9,1,0,0,0,0
GenuineShrub,B10,¸ßÔ­Ã«Ý¢,0.0011,0.0608,0.0619,15.33333333,15.63333333,1,0,0,0,0.016666667
GenuineShrub,B10,´ØÉú¾í¶ú,0.0282,0,0.0282,,,1,0,0,0,0
GenuineShrub,B10,Ì¦²Ý,1.53,0.7717,2.3017,38.5,41.88,1,Necrotrophic,Ò¶¿Ý,0.033333333,0
GenuineShrub,B10,Ì¦²Ý,1.53,0.7717,2.3017,38.5,41.88,2,Biotrophic,ºÚÐâ,0.066666667,0
GenuineShrub,B10,ºÌ²Ý,4.92,0,4.92,,,1,Necrotrophic,Ò¶¿Ý,0.04,0.02
GenuineShrub,B10,ÍÖÔ²Ò¶»¨Ãª,1.16,0,1.16,,,1,0,0,0,0
GenuineShrub,B10,·±ÂÆ,0.0171,0,0.0171,,,1,0,0,0,0
GenuineShrub,B10,¸ßÉ½¾Â,0.0311,0,0.0311,,,1,0,0,0,0
GenuineShrub,B10,ÐÇ×´·çÃ«¾Õ,0.09,0,0.09,,,1,Necrotrophic,Ò¶°ß,0.027777778,0
GenuineShrub,B10,Ð¡»¨²ÝÓñÃ·,0.06,0.6824,0.7424,24.25,24.95,1,Necrotrophic,Ò¶°ß,0.107142857,0.05952381
GenuineShrub,B10,Ã«¹ûÆÅÆÅÄÉ,0.0029,0,0.0029,,,1,0,0,0,0
GenuineShrub,B10,ÏßÒ¶áÔ²Ý,0.71,0.1874,0.8974,32.58,33.42,1,Necrotrophic,Ò¶°ß,0.013333333,0
GenuineShrub,B10,ÈðÜß²Ý,0.58,0.6316,1.2116,19.74,21.54,1,Necrotrophic,Ò¶°ß,0.013333333,0.033333333
GenuineShrub,B10,ÃÉ¹ÅÝï,11.32,0,11.32,,,1,0,0,0,0
GenuineShrub,B10,ÀÏðÙ²Ý,0.0171,0.0653,0.0824,23.65,24.5,1,Necrotrophic,Ò¶°ß,0.0625,0
GenuineShrub,B10,»ÆÜË,2.42,0.4686,2.8886,17.96,18.78,1,Necrotrophic,Ò¶°ß,0.066666667,0
GenuineShrub,B10,ÔçÊìºÌ,0,0.0949,0.0949,57.5,58.6,1,Necrotrophic,Ò¶¿Ý,0.083333333,0
GenuineShrub,B10,¸ßÉ½¶¹,0,0.0296,0.0296,12.4,13.9,1,0,0,0,0
GenuineShrub,B10,Ã¢œÍ²Ý,0,0.2984,0.2984,72.2,72.9,1,0,0,0,0
FakeShrub,B5,¶ÛÁÑÒøÁ«»¨,0.2387,0.2282,0.4669,18.13333333,18.46666667,1,0,0,0,0
FakeShrub,B5,·±ÂÆ,0.0241,0,0.0241,,,1,0,0,0,0
FakeShrub,B5,Ã«¹ûÆÅÆÅÄÉ,0.0291,0,0.0291,,,1,0,0,0,0.009259259
FakeShrub,B5,¸ÊËàÂíÏÈÝï,0.1503,0,0.1503,,,1,0,0,0,0
FakeShrub,B5,ÀÏðÙ²Ý,0.7047,0.0834,0.7881,17.12,18.04,1,Necrotrophic,ºÖ°ß,0.026666667,0
FakeShrub,B5,´äÈ¸,0.0023,0.1154,0.1177,20.8,22.3,1,0,0,0,0
FakeShrub,B5,×ÏÝÒ,0.0059,0.1439,0.1498,9,11.93333333,1,0,0,0,0
FakeShrub,B5,Ó¬×Ó²Ý,0.008,0,0.008,,,1,0,0,0,0
FakeShrub,B5,ËáÄ£,0.0648,0.1716,0.2364,14.98,16.06,1,0,0,0,0.166666667
FakeShrub,B5,»ÆÖãéÒÎá,0.0532,0,0.0532,,,1,0,0,0,0
FakeShrub,B5,µØ¶¡,0.008,0,0.008,,,1,0,0,0,0
FakeShrub,B5,°«ÔóÇÛ,0.0418,0.0398,0.0816,10.48,11.06,1,0,0,0,0
FakeShrub,B5,¸ßÉ½ÌÆËÉ²Ý,1.8274,0.3343,2.1617,18.14,18.58,1,Necrotrophic,Ò¶¿Ý,0.013333333,0.013333333
FakeShrub,B5,ÒìÕëÃ©,1.6169,1.2014,2.8183,47.76,49.56,1,0,0,0,0
FakeShrub,B5,ÖÐ¹úÂíÏÈÝï,0.2525,0.044,0.2965,10.8,11.15,1,0,0,0,0
FakeShrub,B5,ÌõÒ¶ÒøÁ«»¨,0.0941,0.551,0.6451,16.4,16.92,1,0,0,0,0
FakeShrub,B5,ºÌ²Ý,10.6556,0,10.6556,,,1,Necrotrophic,Ò¶°ß,0.006666667,0.013333333
FakeShrub,B5,Ì¦²Ý,1.9517,0.6543,2.606,35.62,37.12,1,Necrotrophic,ºÖ°ß,0.04,0.02
FakeShrub,B5,ÈðÜß²Ý,3.2304,0.7469,3.9773,18.28,18.84,1,Necrotrophic,Ò¶°ß,0.006666667,0.02
FakeShrub,B5,Ò°ºúÂÜ²·,0.0139,0,0.0139,,,1,0,0,0,0
FakeShrub,B5,½ÇÅÌÀ¼,0.049,0,0.049,,,1,0,0,0,0
FakeShrub,B5,ÐÇ×´·çÃ«¾Õ,1.6224,0,1.6224,,,1,0,0,0,0
FakeShrub,B5,»ªÎ÷Î¯Áê²Ë,0.0129,0.0439,0.0568,7.6,7.95,1,0,0,0,0
FakeShrub,B5,»ÆÜÎ,0.0555,0.1003,0.1558,15.12,15.66,1,Necrotrophic,Ò¶°ß,0.023809524,0
FakeShrub,B5,¸ßÔ­Ã«Ý¢,0.0632,0.0365,0.0997,5.7,6.1,1,0,0,0,0
FakeShrub,B5,Èé½¬´óêª,0.0115,0.1024,0.1139,17.7,19.76,1,Biotrophic,Ðâ²¡,0.013333333,0.02
FakeShrub,B5,¼¬¶¹,0.0281,0.1596,0.1877,14.38,15.86,1,0,0,0,0.166666667
FakeShrub,B5,ÏßÒ¶áÔ²Ý,0.3393,0.1948,0.5341,26.32,27.92,1,0,0,0,0
FakeShrub,B5,Ð¡»¨²ÝÓñÃ·,0.0501,1.632,1.6821,25.94,27.04,1,Necrotrophic,Ò¶°ß,0.166666667,0.166666667
FakeShrub,B5,¸ßÉ½¶¹,0,0.2992,0.2992,15.36,16.54,1,0,0,0,0.071428571
FakeShrub,B5,Ã¢œÍ²Ý,0,1.3042,1.3042,69.16,69.44,1,0,0,0,0
FakeShrub,B5,Î÷²ØÝÀ²Ë,0,0.0309,0.0309,3.38,3.82,1,0,0,0,0
GenuineShrub,B5,»ðÈÞ²Ý,0.0199,0,0.0199,,,1,0,0,0,0
GenuineShrub,B5,ÒìÕëÃ©,0.17,0.7883,0.9583,42.44,47.46,1,0,0,0,0
GenuineShrub,B5,Ð¡»¨²ÝÓñÃ·,0.0046,2.0479,2.0525,23.22,26.16,1,0,0,0,0
GenuineShrub,B5,ÏßÒ¶áÔ²Ý,1.03,0.2603,1.2903,30.12,33.1,1,Necrotrophic,Ò¶°ß,0.033333333,0
GenuineShrub,B5,¸ßÉ½ÌÆËÉ²Ý,0.0104,0.0745,0.0849,10.28,11.4,1,0,0,0,0
GenuineShrub,B5,Ì¦²Ý,2.09,0.3074,2.3974,42.82,43.5,1,Necrotrophic,Ò¶¿Ý,0.026666667,0
GenuineShrub,B5,ºÌ²Ý,6.43,0,6.43,,,1,Biotrophic,Ðâ²¡,0.006666667,0
GenuineShrub,B5,ºÌ²Ý,6.43,0,6.43,,,2,Necrotrophic,Ò¶¿Ý,0.013333333,0
GenuineShrub,B5,Ã«¹ûÆÅÆÅÄÉ,0.0051,0,0.0051,,,1,0,0,0,0.055555556
GenuineShrub,B5,¾í¶ú,0.0094,0,0.0094,,,1,0,0,0,0
GenuineShrub,B5,ÐÇ×´·çÃ«¾Õ,0.0179,0,0.0179,,,1,0,0,0,0
GenuineShrub,B5,¸ßÉ½¾Â,0.0209,0,0.0209,,,1,Necrotrophic,ºÖ°ß,0.041666667,0
GenuineShrub,B5,Ê¨ÑÀ·çÃ«¾Õ,0.06,0,0.06,,,1,0,0,0,0
GenuineShrub,B5,ÊªÉúÈqÀÙ,0.0173,0,0.0173,,,1,0,0,0,0
GenuineShrub,B5,¸ßÉ½¶¹,0,0.3348,0.3348,18.06,19.88,1,0,0,0,0.444444444
GenuineShrub,B5,×ÏÝÒ,0,1.2741,1.2741,16.7,17.22,1,Necrotrophic,ºÖ°ß,0.020833333,0.1875
GenuineShrub,B5,¼ô¹ÉÓ±,0,0.7766,0.7766,68.2,69.9,1,Necrotrophic,Ò¶¿Ý,0.047619048,0.047619048
GenuineShrub,B5,Ã¢œÍ²Ý,0,0.7078,0.7078,60.36666667,60.96666667,1,Biotrophic,Ðâ²¡,0.041666667,0
RemovedShrub,B5,ÏßÒ¶áÔ²Ý,1.79,0.1199,1.9099,23.14,24.32,1,Necrotrophic,Ò¶°ß,0.026666667,0
RemovedShrub,B5,Ì¦²Ý,9.08,0.5654,9.6454,31.96,32.32,1,Necrotrophic,Ò¶¿Ý,0.12,0
RemovedShrub,B5,¸ÊËàÂíÏÈÝï,0.51,0,0.51,,,1,0,0,0,0
RemovedShrub,B5,´äÈ¸,0.0012,0.9656,0.9668,25.28,25.76,1,0,0,0,0
RemovedShrub,B5,ÌõÒ¶ÒøÁ«»¨,0.06,0.1451,0.2051,8.24,9.12,1,0,0,0,0.033333333
RemovedShrub,B5,»ÆÜÎ,0.74,0.9572,1.6972,19.26,20.26,1,0,0,0,0.013333333
RemovedShrub,B5,ÐÇ×´·çÃ«¾Õ,0.41,0,0.41,,,1,0,0,0,0
RemovedShrub,B5,·±ÂÆ,0.0067,0,0.0067,,,1,0,0,0,0
RemovedShrub,B5,Ê¨ÑÀ·çÃ«¾Õ,0.0145,0,0.0145,,,1,0,0,0,0
RemovedShrub,B5,ºÌ²Ý,11.78,0,11.78,,,1,Necrotrophic,Ò¶°ß,0.02,0.04
RemovedShrub,B5,Ð¡»¨²ÝÓñÃ·,0.69,0.9785,1.6685,18.72,19.26,1,Necrotrophic,Ò¶°ß,0.006666667,0.013333333
RemovedShrub,B5,¶ÛÁÑÒøÁ«»¨,0.0162,0,0.0162,,,1,0,0,0,0
RemovedShrub,B5,¸ßÔ­Ã«Ý¢,0.0076,0,0.0076,,,1,0,0,0,0
RemovedShrub,B5,ÌÆ¹ÅÀ­ÆÅÆÅÄÉ,0.0035,0,0.0035,,,1,0,0,0,0
RemovedShrub,B5,´ÌÃ¢Áúµ¨,0.09,0,0.09,,,1,0,0,0,0
RemovedShrub,B5,¸ßÉ½ÌÆËÉ²Ý,0.47,0.2266,0.6966,17.08,17.86,1,Necrotrophic,ºÖ°ß,0.02,0.033333333
RemovedShrub,B5,ÔçÊìºÌ,0.3,0.1599,0.4599,33.2,33.64,1,0,0,0,0
RemovedShrub,B5,µØ¶¡,0.09,0,0.09,,,1,0,0,0,0
RemovedShrub,B5,Èé½¬´óêª,0.05,0.2867,0.3367,17.72,18.6,1,Necrotrophic,ºÖ°ß,0.006666667,0
RemovedShrub,B5,ÈðÜß²Ý,9.08,1.6294,10.7094,23.04,23.32,1,Necrotrophic,ºÖ°ß,0.026666667,0.046666667
RemovedShrub,B5,Î÷²ØÝÀ²Ë,0,0.0085,0.0085,3.22,3.54,1,0,0,0,0
RemovedShrub,B5,»ªÎ÷Î¯Áê²Ë,0,0.3932,0.3932,12.34,13.46,1,0,0,0,0
RemovedShrub,B5,ÒìÕëÃ©,0,1.3506,1.3506,65.1,66.025,1,Necrotrophic,Ò¶°ß,0.066666667,0
RemovedShrub,B5,ËáÄ£,0,0.0113,0.0113,8.2,8.3,1,0,0,0,0
RemovedShrub,B5,¸ßÉ½¶¹,0,0.1009,0.1009,12.15,13.2,1,0,0,0,0
GenuineShrub,B4,ÀÏðÙ²Ý,0.18,0.0652,0.2452,15.05,21.9,1,Necrotrophic,ºÖ°ß,0.083333333,0
GenuineShrub,B4,»ÆÜË,2.07,0.5499,2.6199,24.06,24.94,1,Necrotrophic,Ò¶°ß,0.04,0
GenuineShrub,B4,ÈðÜß²Ý,1.58,1.7694,3.3494,25.6,27.76,1,Necrotrophic,Ò¶°ß,0.04,0.013333333
GenuineShrub,B4,¸ßÔ­Ã«Ý¢,0.0561,0,0.0561,,,1,0,0,0,0
GenuineShrub,B4,ÌõÒ¶ÒøÁ«»¨,0.0265,0.3476,0.3741,11.68,12.9,1,0,0,0,0
GenuineShrub,B4,°«ÔóÇÛ,0.14,0,0.14,,,1,0,0,0,0
GenuineShrub,B4,¶ÛÁÑÒøÁ«»¨,0.0038,0.5787,0.5825,19.36,20.12,1,0,0,0,0
GenuineShrub,B4,ÏßÒ¶áÔ²Ý,0.52,0.1262,0.6462,19.48,27.6,1,Necrotrophic,Ò¶°ß,0.02,0
GenuineShrub,B4,Ã«¹ûÆÅÆÅÄÉ,0.0108,0,0.0108,,,1,0,0,0,0
GenuineShrub,B4,´ó¶«¶íÇÛ,0.0192,0,0.0192,,,1,0,0,0,0
GenuineShrub,B4,²ÝµØÔçÊìºÌ,1.33,0.3337,1.6637,42.72,43.76,1,Necrotrophic,ºÖ°ß,0.066666667,0
GenuineShrub,B4,¸ÊËàÂíÏÈÝï,0.82,0.1779,0.9979,14.48,15.8,1,0,0,0,0
GenuineShrub,B4,¸ßÉ½ÌÆËÉ²Ý,0.0174,0.0375,0.0549,11.7,12.44,1,Necrotrophic,ºÖ°ß,0.027777778,0.027777778
GenuineShrub,B4,ÕÓÉúÁøÒ¶²Ë,0.0064,0,0.0064,,,1,0,0,0,0
GenuineShrub,B4,»ÆÜË£¿,0.0051,0,0.0051,,,1,0,0,0,0
GenuineShrub,B4,ºÌ²Ý,8.35,0,8.35,,,1,Necrotrophic,ºÖ°ß,0.006666667,0
GenuineShrub,B4,ËáÄ£,0,0.0426,0.0426,7.4,8,1,0,0,0,0.047619048
GenuineShrub,B4,Ì¦²Ý,0,0.2103,0.2103,32.05,40.75,1,Necrotrophic,Ò¶¿Ý,0.066666667,0.033333333
GenuineShrub,B4,»ªÎ÷Î¯Áê²Ë,0,0.1622,0.1622,10.83333333,11.46666667,1,Necrotrophic,Ò¶¿Ý,0.020833333,0
GenuineShrub,B4,¼ô¹ÉÓ±,0,1.4096,1.4096,68.18,69.7,1,Necrotrophic,Ò¶¿Ý,0.020833333,0.0625
GenuineShrub,B4,¼¬¶¹,0,0.1293,0.1293,10.32,11.8,1,0,0,0,0
GenuineShrub,B4,×ÏÝÒ,0,0.7613,0.7613,17.18,20.22,1,0,0,0,0
GenuineShrub,B3,´ó¶«¶íÇÛ,0.0291,0,0.0291,,,1,0,0,0,0
GenuineShrub,B3,Ð¡»¨²ÝÓñÃ·,0.0249,0,0.0249,,,1,0,0,0,0
GenuineShrub,B3,·±ÂÆ,0.0133,0,0.0133,,,1,0,0,0,0
GenuineShrub,B3,ÀÏðÙ²Ý,0.34,0.0889,0.4289,19.94,20.9,1,Necrotrophic,Ò¶°ß,0.011111111,0
GenuineShrub,B3,´ØÉú¾í¶ú,0.008,0,0.008,,,1,0,0,0,0
GenuineShrub,B3,Ã«¹ûÆÅÆÅÄÉ,0.29,0,0.29,,,1,0,0,0,0.027777778
GenuineShrub,B3,¸ßÔ­Ã«Ý¢,0.03,0.1752,0.2052,17.64,18.54,1,0,0,0,0
GenuineShrub,B3,ÃÜ»¨ÏãÞ¸,4.39,0,4.39,,,1,0,0,0,0
GenuineShrub,B3,Ì¦²Ý,3.76,0.7546,4.5146,26.96,37.44,1,Necrotrophic,Ò¶¿Ý,0.013333333,0.033333333
GenuineShrub,B3,ºÌ²Ý,3.03,0,3.03,,,1,Necrotrophic,Ò¶¿Ý,0.033333333,0.026666667
GenuineShrub,B3,Ï¸Ò¶ÑÇ¾Õ,0.98,0.2651,1.2451,20.44,21.18,1,0,0,0,0
GenuineShrub,B3,ËáÄ£,0,0.4643,0.4643,24.76666667,25.6,1,0,0,0,0.055555556
RemovedShrub,B8,Ð¡»¨²ÝÓñÃ·,0.0164,0.9687,0.9851,17.35,17.875,1,0,0,0,0
RemovedShrub,B8,µØ¶¡,0.0067,0,0.0067,,,1,0,0,0,0.041666667
RemovedShrub,B8,Èé½¬´óêª,0.0134,0.0671,0.0805,11.9,13.28,1,0,0,0,0
RemovedShrub,B8,ËáÄ£,0.3,0.2811,0.5811,16.43333333,17,1,Necrotrophic,ºÖ°ß,0.041666667,0.083333333
RemovedShrub,B8,Ì¦²Ý,3.44,0.5474,3.9874,26.92,29.06,1,Necrotrophic,Ò¶¿Ý,0.046666667,0
RemovedShrub,B8,»ÆÜË,1.26,0.7654,2.0254,17.38,18,1,Necrotrophic,Ò¶°ß,0.02,0
RemovedShrub,B8,ÏßÒ¶áÔ²Ý,0.19,0.0348,0.2248,12.62,12.94,1,Necrotrophic,Ò¶¿Ý,0.011111111,0
RemovedShrub,B8,¸ßÉ½ÌÆËÉ²Ý,0.14,0.0843,0.2243,12.82,14,1,Necrotrophic,ºÖ°ß,0.013333333,0.013333333
RemovedShrub,B8,ÀÏðÙ²Ý,0.38,0.0784,0.4584,14.74,15.5,1,Necrotrophic,ºÖ°ß,0.02,0
RemovedShrub,B8,ÈðÜß²Ý,4.44,1.1267,5.5667,20.58,21.14,1,Necrotrophic,ºÖ°ß,0.04,0.013333333
RemovedShrub,B8,ºÌ²Ý,7.2,0,7.2,,,1,Necrotrophic,Ò¶¿Ý,0.013333333,0
RemovedShrub,B8,´äÈ¸,0.0019,0.8503,0.8522,22.44,23.48,1,Necrotrophic,ºÖ°ß,0.095238095,0
RemovedShrub,B8,°«ÔóÇÛ,0,0.0543,0.0543,5.88,6.3,1,0,0,0,0.055555556
RemovedShrub,B8,Ã¢œÍ²Ý,0,0.759,0.759,43.96,44.2,1,0,0,0,0
RemovedShrub,B8,ÒìÕëÃ©,0,1.1423,1.1423,49,55.14,1,Necrotrophic,Ò¶¿Ý,0.041666667,0
RemovedShrub,B8,ÌõÒ¶ÒøÁ«»¨,0,0.0051,0.0051,3.1,3.2,1,0,0,0,0
RemovedShrub,B8,ÔçÊìºÌ,0,0.1691,0.1691,35.36666667,39.93333333,1,0,0,0,0
RemovedShrub,B2,»ÆÜÎ,1.27,0.3799,1.6499,10.66,11.12,1,0,0,0,0.04
RemovedShrub,B2,¸ßÉ½¾Â,0.08,0,0.08,,,1,Necrotrophic,Ò¶°ß,0.133333333,0
RemovedShrub,B2,¸ßÉ½ÌÆËÉ²Ý,0.23,0.1856,0.4156,13.5,14.08,1,0,0,0,0.055555556
RemovedShrub,B2,×ÏÝÒ,0.25,0.8641,1.1141,15,16.12,1,Necrotrophic,ºÖ°ß,0.066666667,0.033333333
RemovedShrub,B2,ÏßÒ¶áÔ²Ý,0.31,0.0386,0.3486,14.04,14.56,1,Necrotrophic,ºÖ°ß,0.013333333,0
RemovedShrub,B2,Ð¡»¨²ÝÓñÃ·,0.7,1.2376,1.9376,15.08,15.54,1,Necrotrophic,ºÖ°ß,0.066666667,0
RemovedShrub,B2,Èé½¬´óêª,0.08,0.1333,0.2133,15.38,16.04,1,0,0,0,0
RemovedShrub,B2,»ªÎ÷Î¯Áê²Ë,0.05,0.1977,0.2477,5.88,6.16,1,0,0,0,0
RemovedShrub,B2,ËáÄ£,0.0055,0,0.0055,,,1,0,0,0,0
RemovedShrub,B2,ÌõÒ¶ÒøÁ«»¨,0.0021,0.3012,0.3033,7.86,8.42,1,0,0,0,0
RemovedShrub,B2,Ë«ÖùÍ·Ë‘²Ý,0.0144,0,0.0144,,,1,0,0,0,0
RemovedShrub,B2,Ã«¹ûÆÅÆÅÄÉ,0.0132,0,0.0132,,,1,0,0,0,0
RemovedShrub,B2,¶ÛÁÑÒøÁ«»¨,0.0127,0,0.0127,,,1,Necrotrophic,ºÖ°ß,0.333333333,0
RemovedShrub,B2,°«áÔ²Ý,0.64,0,0.64,,,1,Necrotrophic,Ò¶¿Ý,0.053333333,0
RemovedShrub,B2,·±ÂÆ,0.08,0,0.08,,,1,0,0,0,0
RemovedShrub,B2,ÏßÒ¶Áúµ¨,1.11,0,1.11,,,1,0,0,0,0
RemovedShrub,B2,Ì¦²Ý,4.75,0.6942,5.4442,36.24,37.7,1,Necrotrophic,Ò¶¿Ý,0.033333333,0
RemovedShrub,B2,ºÌ²Ý,13.53,0,13.53,,,1,Necrotrophic,Ò¶°ß,0.033333333,0.006666667
RemovedShrub,B2,ÐÇ×´·çÃ«¾Õ,0.46,0,0.46,,,1,0,0,0,0
RemovedShrub,B2,Å®Â¦²Ë,0.03,0,0.03,,,1,0,0,0,0.055555556
RemovedShrub,B2,ÀÏðÙ²Ý,0.11,0.0645,0.1745,13.7,14.34,1,Necrotrophic,ºÖ°ß,0.083333333,0
RemovedShrub,B2,»ÆÜË,1.38,0.7908,2.1708,15.64,16.02,1,Necrotrophic,ºÖ°ß,0.153333333,0
RemovedShrub,B2,°«ÔóÇÛ,0,0.0232,0.0232,5.7,6.3,1,0,0,0,0
RemovedShrub,B2,Ã¢œÍ²Ý,0,0.9999,0.9999,49.78,50.78,1,0,0,0,0
RemovedShrub,B2,´¹ËëÅû¼î²Ý,0,1.4042,1.4042,60.8,69.55,1,Necrotrophic,Ò¶°ß,0.083333333,0
FakeShrub,B10,Èé½¬´óêª,0.14,0.1205,0.2605,17.58,19.44,1,0,0,0,0
FakeShrub,B10,¸ßÉ½ÌÆËÉ²Ý,0.04,0.0881,0.1281,11.86,12.28,1,0,0,0,0
FakeShrub,B10,Ì¦²Ý,1.07,0.566,1.636,36.64,38.08,1,Necrotrophic,ºÖ°ß,0.02,0
FakeShrub,B10,ËáÄ£,0.05,0.1,0.15,10.64,11.14,1,0,0,0,0
FakeShrub,B10,ÈðÜß²Ý,5.78,1.6161,7.3961,23.36,23.84,1,Necrotrophic,ºÖ°ß,0.093333333,0
FakeShrub,B10,ÀÏðÙ²Ý,1.08,0.0931,1.1731,16.04,16.66,1,Necrotrophic,ºÖ°ß,0.046666667,0
FakeShrub,B10,ÏßÒ¶áÔ²Ý,0.0264,0.0405,0.0669,9.32,10.96,1,0,0,0,0
FakeShrub,B10,Ã«¹ûÆÅÆÅÄÉ,0.004,0,0.004,,,1,0,0,0,0
FakeShrub,B10,»ªÎ÷Î¯Áê²Ë,0.0095,0,0.0095,,,1,0,0,0,0
FakeShrub,B10,»ÆÜË,0.0216,1.0809,1.1025,19.18,19.92,1,Necrotrophic,ºÖ°ß,0.016666667,0
FakeShrub,B10,ºÌ²Ý,3.53,0,3.53,,,1,Necrotrophic,Ò¶°ß,0.013333333,0
FakeShrub,B10,´ØÉú¾í¶ú,0.11,0,0.11,,,1,Necrotrophic,Ò¶¿Ý,0.033333333,0
FakeShrub,B10,Ë«ÖùÍ·Ë‘²Ý,0.06,0,0.06,,,1,Necrotrophic,Ò¶°ß,0.020833333,0
FakeShrub,B10,ÍÖÔ²Ò¶»¨Ãª,0.18,0,0.18,,,1,Necrotrophic,Ò¶°ß,0.027777778,0
FakeShrub,B10,ÐÇ×´·çÃ«¾Õ,1.24,0,1.24,,,1,0,0,0,0
FakeShrub,B10,ÆÑ¹«Ó¢,0.14,0,0.14,,,1,Necrotrophic,ºÖ°ß,0.066666667,0
FakeShrub,B10,·±ÂÆ,0.09,0,0.09,,,1,0,0,0,0
FakeShrub,B10,ÌõÒ¶ÒøÁ«»¨,0.0121,0,0.0121,,,1,0,0,0,0.166666667
FakeShrub,B10,¼ô¹ÉÓ±,1.21,0.6185,1.8285,65.38,72.32,1,0,0,0,0
FakeShrub,B10,ÔçÊìºÌ,0.1,0.2505,0.3505,36.88,37.46,1,0,0,0,0
FakeShrub,B10,ÒìÕëÃ©,0.43,0.6595,1.0895,36.2,41.12,1,0,0,0,0
FakeShrub,B10,´äÈ¸,0.05,0,0.05,,,1,0,0,0,0
FakeShrub,B10,Ð¡»¨²ÝÓñÃ·,0.0314,0.1527,0.1841,6.35,7.1,1,0,0,0,0
FakeShrub,B10,¸ßÉ½¶¹,0,0.0199,0.0199,5.25,5.65,1,0,0,0,0
FakeShrub,B10,¶ÛÁÑÒøÁ«»¨,0,0.0051,0.0051,6.3,6.6,1,0,0,0,0
FakeShrub,B10,»ÆÖãéÒÎá,0.3,2.8668,3.1668,26.55,27.5,1,Necrotrophic,ºÖ°ß,0.1,0.033333333
GenuineShrub,B9,¶ÛÁÑÒøÁ«»¨,0.0074,0,0.0074,,,1,0,0,0,0
GenuineShrub,B9,Ì¦²Ý,0.08,0.1422,0.2222,11.26,14.4,1,Necrotrophic,Ò¶¿Ý,0.083333333,0
GenuineShrub,B9,Èé½¬´óêª,6.00E-04,0.0218,0.0224,6.84,7.78,1,0,0,0,0
GenuineShrub,B9,¸ßÉ½ÌÆËÉ²Ý,0.0031,0.0233,0.0264,7.16,8.04,1,0,0,0,0
GenuineShrub,B9,ºÌ²Ý,5.94,0,5.94,,,1,0,0,0,0.013333333
GenuineShrub,B9,Èé°×ÏãÇà,0.22,0,0.22,,,1,0,0,0,0.013888889
GenuineShrub,B9,»ðÈÞ²Ý,0.0518,0,0.0518,,,1,0,0,0,0
GenuineShrub,B9,¶Ü¹û²Ý,0.24,0,0.24,,,1,0,0,0,0
GenuineShrub,B9,ÏßÒ¶áÔ²Ý,0.0786,0.0432,0.1218,16.44,22.86,1,0,0,0,0
GenuineShrub,B9,¶ÀÒ»Î¶,0.32,0,0.32,,,1,0,0,0,0.027777778
GenuineShrub,B9,´ØÉú¾í¶ú,0.05,0,0.05,,,1,0,0,0,0
GenuineShrub,B9,·±ÂÆ,0.0029,0,0.0029,,,1,0,0,0,0
GenuineShrub,B9,ÕÓÉúÁøÒ¶²Ë,0.07,0,0.07,,,1,0,0,0,0
GenuineShrub,B9,´ó¶«¶íÇÛ,0.09,0,0.09,,,1,0,0,0,0
GenuineShrub,B9,ÍÖÔ²Ò¶»¨Ãª,0.0114,0,0.0114,,,1,0,0,0,0
GenuineShrub,B9,ÁÑÒ¶¶À»î,0.11,0,0.11,,,1,0,0,0,0
GenuineShrub,B9,Ã«¹ûÆÅÆÅÄÉ,0.11,0,0.11,,,1,0,0,0,0.025
GenuineShrub,B9,Ð¡»¨²ÝÓñÃ·,0,0.0216,0.0216,6.1,6.6,1,Necrotrophic,ºÖ°ß,0.083333333,0.041666667
GenuineShrub,B9,¸ßÔ­Ã«Ý¢,0,0.012,0.012,3.6,3.7,1,0,0,0,0
FakeShrub,B8,ÁÑÒ¶¶À»î,0.29,0,0.29,,,1,0,0,0,0
FakeShrub,B8,Ò°ºúÂÜ²·,0.0364,0,0.0364,,,1,0,0,0,0
FakeShrub,B8,ÀÏðÙ²Ý,0.04,0.0438,0.0838,11.56,12.22,1,0,0,0,0
FakeShrub,B8,Ì¦²Ý,11.33,0.9598,12.2898,42.9,46.74,1,Necrotrophic,ºÖ°ß,0.053333333,0
FakeShrub,B8,ºÌ²Ý,2.15,0,2.15,,,1,Necrotrophic,Ò¶¿Ý,0.013333333,0
FakeShrub,B8,»ÆÖãéÒÎá,0.0143,3.8858,3.9001,21.38,22.08,1,0,0,0,0
FakeShrub,B8,ÐÇ×´·çÃ«¾Õ,2.95,0,2.95,,,1,0,0,0,0
FakeShrub,B8,ÏßÒ¶áÔ²Ý,1.52,0.1191,1.6391,27.82,29.1,1,Necrotrophic,Ò¶¿Ý,0.013333333,0
FakeShrub,B8,»ÆÜÎ,0.0105,0.0853,0.0958,8.96,9.56,1,Necrotrophic,Ò¶¿Ý,0.041666667,0
FakeShrub,B8,°«ÔóÇÛ,0.04,0.1095,0.1495,16.46,17.1,1,0,0,0,0.023809524
FakeShrub,B8,¶ÛÁÑÒøÁ«»¨,0.1049,0.4368,0.5417,15.54,16.24,1,0,0,0,0
FakeShrub,B8,ÌõÒ¶ÒøÁ«»¨,0.0119,0.3675,0.3794,12.72,13.58,1,0,0,0,0
FakeShrub,B8,Èé½¬´óêª,0.33,0.41,0.74,25.78,27.2,1,Biotrophic,Ðâ²¡,0.006666667,0
FakeShrub,B8,Èé½¬´óêª,0.33,0.41,0.74,25.78,27.2,2,Necrotrophic,Ò¶¿Ý,0.013333333,0
FakeShrub,B8,×ÏÝÒ,0.88,1.1282,2.0082,16.04,17.28,1,Necrotrophic,ºÖ°ß,0.05,0.05
FakeShrub,B8,¸ßÉ½ÌÆËÉ²Ý,1.66,0.1081,1.7681,12.38,12.8,1,Necrotrophic,Ò¶¿Ý,0.006666667,0
FakeShrub,B8,·±ÂÆ,0.0047,0,0.0047,,,1,0,0,0,0
FakeShrub,B8,»ªÎ÷Î¯Áê²Ë,0.0774,0.0659,0.1433,13.7,14.1,1,Necrotrophic,ºÖ°ß,0.166666667,0.166666667
FakeShrub,B8,ÈðÜß²Ý,0.0568,0,0.0568,,,1,0,0,0,0.083333333
FakeShrub,B8,»ÆÜË,0.31,0.2523,0.5623,14.82,15.4,1,Necrotrophic,Ò¶°ß,0.013333333,0.02
FakeShrub,B8,ÒìÕëÃ©,1.02,1.3814,2.4014,62.72,65.9,1,0,0,0,0
FakeShrub,B8,¸ÊËàÂíÏÈÝï,0.24,0,0.24,,,1,0,0,0,0
FakeShrub,B8,ÊªÉúÈqÀÙ,0.9,0,0.9,,,1,0,0,0,0
FakeShrub,B8,ÔçÊìºÌ,0,0.2682,0.2682,51.48,53.48,1,0,0,0,0
FakeShrub,B8,Ð¡»¨²ÝÓñÃ·,0,0.7862,0.7862,21.3,21.7,1,Necrotrophic,ºÖ°ß,0.166666667,0.055555556
FakeShrub,B8,Ð¡»¨²ÝÓñÃ·,0,0.7862,0.7862,21.3,21.7,2,Necrotrophic,ºÖ°ß,0.166666667,0.055555556
FakeShrub,B8,ÅûÕëÒ¶»Æ»ª,0,0.0517,0.0517,12.5,13.1,1,0,0,0,0
FakeShrub,B3,ÐÇ×´·çÃ«¾Õ,1.36,0,1.36,,,1,0,0,0,0
FakeShrub,B3,Î÷²ØÇž²Ë,0.0025,0,0.0025,,,1,0,0,0,0
FakeShrub,B3,×ÏÝÒ,0.04,1.2,1.24,15.58,16.46,1,0,0,0,0
FakeShrub,B3,»ªÎ÷Î¯Áê²Ë,0.0317,0.5345,0.5662,13.65,14.375,1,0,0,0,0
FakeShrub,B3,ÌõÒ¶ÒøÁ«»¨,0.12,0.2873,0.4073,9.96,10.86,1,0,0,0,0
FakeShrub,B3,¸ÊËàÂíÏÈÝï,0.51,1.8162,2.3262,24.24,25.74,1,0,0,0,0
FakeShrub,B3,Ò°ºúÂÜ²·,0.11,0,0.11,,,1,0,0,0,0
FakeShrub,B3,¶ÛÁÑÒøÁ«»¨,0.23,0.4947,0.7247,17.8,18.56,1,0,0,0,0
FakeShrub,B3,´äÈ¸,0.0089,0.0191,0.028,9.3,9.7,1,0,0,0,0
FakeShrub,B3,ÈðÜß²Ý,0.32,0.9032,1.2232,17.66,19.62,1,Necrotrophic,Ò¶°ß,0.047619048,0
FakeShrub,B3,Ì¦²Ý,2.7,0.608,3.308,36.4,41.5,1,Necrotrophic,Ò¶¿Ý,0.06,0.013333333
FakeShrub,B3,Ð¡»¨²ÝÓñÃ·,0.08,0.1162,0.1962,15.3,16.2,1,0,0,0,0
FakeShrub,B3,¶Ü¹û²Ý,0.49,0,0.49,,,1,0,0,0,0.027777778
FakeShrub,B3,ÏßÒ¶áÔ²Ý,0.67,0.1538,0.8238,27.56,29.5,1,Necrotrophic,Ò¶¿Ý,0.02,0
FakeShrub,B3,»ÆÜÎ,0.09,0.1097,0.1997,9.62,10.8,1,0,0,0,0
FakeShrub,B3,Èé½¬´óêª,0.61,0.0914,0.7014,18.28,18.82,1,Biotrophic,Ðâ²¡,0.013333333,0
FakeShrub,B3,¸ßÉ½¾Â,0.15,0,0.15,,,1,0,0,0,0
FakeShrub,B3,Ã«¹ûÆÅÆÅÄÉ,0.2,0,0.2,,,1,0,0,0,0
FakeShrub,B3,ºÌ²Ý,12.46,0,12.46,,,1,Necrotrophic,Ò¶¿Ý,0.046666667,0.026666667
FakeShrub,B3,¸ßÉ½ÌÆËÉ²Ý,0.07,0.073,0.143,12.5,13.9,1,Necrotrophic,Ò¶¿Ý,0.016666667,0.033333333
FakeShrub,B3,¸ßÉ½¶¹,0.0143,0,0.0143,,,1,0,0,0,0
FakeShrub,B3,ÒìÕëÃ©,0,0.1354,0.1354,41.2,42.1,1,0,0,0,0
FakeShrub,B3,ËáÄ£,0,0.0702,0.0702,10.9,11.55,1,0,0,0,0.083333333
FakeShrub,B3,ÔçÊìºÌ,0,0.1269,0.1269,33.84,34.16,1,0,0,0,0
FakeShrub,B3,Ã¢œÍ²Ý,0,0.7278,0.7278,45.08,45.86,1,0,0,0,0
FakeShrub,B3,ÀÏðÙ²Ý,0.21,0.2057,0.4157,18.48,19.22,1,Necrotrophic,ºÖ°ß,0.111111111,0.111111111
Control,B7,¾í¶ú,0.0129,0,0.0129,,,1,0,0,0,0
Control,B7,·±ÂÆ,0.0127,0,0.0127,,,1,0,0,0,0
Control,B7,ÔçÊìºÌ,0.13,0.2224,0.3524,37.86,38.28,1,Necrotrophic,Ò¶°ß,0.083333333,0
Control,B7,ÏßÒ¶áÔ²Ý,0.19,0.0584,0.2484,18.3,19.12,1,Necrotrophic,Ò¶°ß,0.013333333,0
Control,B7,¸ßÉ½ÌÆËÉ²Ý,0.59,0.1813,0.7713,14.3,14.94,1,Necrotrophic,Ò¶¿Ý,0.04,0
Control,B7,ÈðÜß²Ý,1.02,0.6121,1.6321,17.1,17.38,1,Necrotrophic,ºÖ°ß,0.026666667,0.033333333
Control,B7,Ò°ºúÂÜ²·,0.2681,0,0.2681,,,1,0,0,0,0
Control,B7,Ð¡Ã×²Ý,0.0141,0.1524,0.1665,17.42,18.22,1,0,0,0,0
Control,B7,ÀÏðÙ²Ý,0.087,0.0874,0.1744,15.34,16.2,1,0,0,0,0.020833333
Control,B7,Ð¡»¨²ÝÓñÃ·,1.0308,1.7218,2.7526,21.38,22.28,1,Necrotrophic,Ò¶°ß,0.095238095,0.047619048
Control,B7,»ðÈÞ²Ý,0.0242,0,0.0242,,,1,0,0,0,0
Control,B7,»ÆÜË,0.3389,0.746,1.0849,15.78,16.64,1,0,0,0,0.006666667
Control,B7,Ì¦²Ý,0.56,0.6788,1.2388,29.24,29.66,1,Necrotrophic,Ò¶¿Ý,0.02,0
Control,B7,ºÌ²Ý,9.93,0,9.93,,,1,Necrotrophic,Ò¶¿Ý,0.013333333,0
Control,B7,ËáÄ£,0,0.0079,0.0079,4.2,4.5,1,0,0,0,0
Control,B7,ÒìÕëÃ©,0,0.8254,0.8254,63.45,64.05,1,Necrotrophic,Ò¶°ß,0.041666667,0
Control,B7,Ã¢œÍ²Ý,0,0.2208,0.2208,45.7,45.9,1,0,0,0,0
Control,B7,ÌõÒ¶ÒøÁ«»¨,0,0.0956,0.0956,6.55,6.75,1,0,0,0,0.1
Control,B7,¸ßÔ­Ã«Ý¢,0,0.0156,0.0156,3.9,4.15,1,0,0,0,0
Control,B7,°«ÔóÇÛ,0,0.1201,0.1201,9,9.66,1,0,0,0,0.047619048
Control,B7,´äÈ¸,0,1.7533,1.7533,35.36,36.08,1,0,0,0,0.033333333
Control,B1,×ÏÝÒ,0.18,0.7357,0.9157,16.94,17.56,1,0,0,0,0.095238095
Control,B1,Î÷²ØÝÀ²Ë,0,0.0273,0.0273,4.6,4.76,1,0,0,0,0
Control,B1,ÀÏðÙ²Ý,0,0.0621,0.0621,14.2,15.53333333,1,Necrotrophic,Ò¶°ß,0.037037037,0
Control,B1,»ÆÜÎ,0,0.1005,0.1005,13.4,14.45,1,0,0,0,0.071428571
Control,B1,Ã¢œÍ²Ý,0,0.6549,0.6549,48.06666667,49.6,1,Necrotrophic,Ò¶°ß,0.166666667,0
Control,B1,»ªÎ÷Î¯Áê²Ë,0,0.0346,0.0346,6.35,7,1,0,0,0,0
Control,B1,ÒìÕëÃ©,0,1.0363,1.0363,70.16666667,71.46666667,1,Necrotrophic,Ò¶¿Ý,0.111111111,0
Control,B1,´¹ËëÅû¼î²Ý,0,2.3704,2.3704,80.58,81.04,1,Necrotrophic,Ò¶¿Ý,0.083333333,0
Control,B1,ÌõÒ¶ÒøÁ«»¨,0,0.8331,0.8331,11.8,12.26,1,0,0,0,0.027777778
Control,B1,°«ÔóÇÛ,0,0.1328,0.1328,8.8,9.44,1,Necrotrophic,Ò¶¿Ý,0.047619048,0.023809524
Control,B1,Ã«¹ûÆÅÆÅÄÉ,0.64,0,0.64,,,1,Necrotrophic,Ò¶¿Ý,0.013333333,0
Control,B1,Èé°×ÏãÇà,0.27,0,0.27,,,1,0,0,0,0.010416667
Control,B1,ÈðÜß²Ý,2.93,0.7071,3.6371,21.02,21.62,1,Necrotrophic,ºÖ°ß,0.033333333,0.02
Control,B1,Ð¡»¨²ÝÓñÃ·,0.49,2.074,2.564,16.38,17.62,1,Necrotrophic,ºÖ°ß,0.138888889,0.055555556
Control,B1,ÔçÊìºÌ,1.4,0.3851,1.7851,42.68,43.56,1,0,0,0,0
Control,B1,Èé½¬´óêª,0.94,0.2197,1.1597,22.54,24.18,1,Biotrophic,Ðâ²¡,0.066666667,0
Control,B1,Ï¸Ò¶ÑÇ¾Õ,0.41,0.1324,0.5424,15.5,17.34,1,0,0,0,0
Control,B1,ºÌ²Ý,9.43,0,9.43,,,1,Necrotrophic,Ò¶¿Ý,0.086666667,0
Control,B1,½ÇÅÌÀ¼,0.0089,0,0.0089,,,1,Necrotrophic,Ò¶°ß,0.083333333,0.083333333
Control,B1,¸ßÉ½ÌÆËÉ²Ý,0.2131,0.1091,0.3222,14.34,14.9,1,Necrotrophic,Ò¶¿Ý,0.02,0.006666667
Control,B1,¸ßÉ½ÌÆËÉ²Ý,0.2131,0.1091,0.3222,14.34,14.9,2,Necrotrophic,Ò¶¿Ý,0.02,0.006666667
Control,B1,Ì¦²Ý,1.09,1.8077,2.8977,49.78,52.5,1,Necrotrophic,Ò¶¿Ý,0.073333333,0.006666667
Control,B1,´ØÉú¾í¶ú,0.14,0,0.14,,,1,Necrotrophic,Ò¶¿Ý,0.02,0.006666667
Control,B1,¸ßÉ½¾Â,1.11,0,1.11,,,1,Necrotrophic,Ò¶¿Ý,0.02,0.026666667
Control,B1,»ÆÜË,0.57,0.6844,1.2544,20.44,20.98,1,Necrotrophic,Ò¶°ß,0.013333333,0
Control,B1,·±ÂÆ,0.1019,0,0.1019,,,1,0,0,0,0
Control,B1,¸ÊÇàÎÚÍ·,0.0874,0,0.0874,,,1,0,0,0,0
Control,B1,¸ßÔ­Ã«Ý¢,0.0557,0.0837,0.1394,12.26,12.84,1,0,0,0,0
Control,B1,ËáÄ£,0.0221,0.1938,0.2159,11.9,12.5,1,Necrotrophic,Ò¶¿Ý,0.166666667,0.166666667
Control,B1,ÐÇ×´·çÃ«¾Õ,0.298,0,0.298,,,1,0,0,0,0
GenuineShrub,B1,ºÌ²Ý,16.24,0,16.24,,,1,Necrotrophic,Ò¶°ß,0.006666667,0
GenuineShrub,B1,Ð¡»¨²ÝÓñÃ·,0.14,0,0.14,,,1,Necrotrophic,ºÖ°ß,0.166666667,0
GenuineShrub,B1,ÀÏðÙ²Ý,0.09,0.1133,0.2033,17.9,18.78,1,0,0,0,0
GenuineShrub,B1,ÐÇ×´·çÃ«¾Õ,0.38,0,0.38,,,1,Necrotrophic,Ò¶°ß,0.008333333,0
GenuineShrub,B1,Ã«¹ûÆÅÆÅÄÉ,0.11,0,0.11,,,1,0,0,0,0
GenuineShrub,B1,ÈðÜß²Ý,0.25,0.4163,0.6663,16.18,16.78,1,Necrotrophic,ºÖ°ß,0.033333333,0
GenuineShrub,B1,Ì¦²Ý,0.59,0.3029,0.8929,28.94,29.46,1,Necrotrophic,Ò¶¿Ý,0.006666667,0.02
GenuineShrub,B1,ÏßÒ¶áÔ²Ý,1.59,0.1474,1.7374,22.44,23.98,1,0,0,0,0
GenuineShrub,B1,ÔçÊìºÌ,0.21,0.4666,0.6766,64.48,66.48,1,0,0,0,0
GenuineShrub,B1,»ÆÜË,0.08,0.2462,0.3262,15.14,15.54,1,0,0,0,0
GenuineShrub,B1,¸ßÔ­Ã«Ý¢,1.27,0.1346,1.4046,21.06,21.8,1,0,0,0,0
GenuineShrub,B1,ÌõÒ¶ÒøÁ«»¨,0.0043,0,0.0043,,,1,0,0,0,0.166666667
GenuineShrub,B1,ÆÑ¹«Ó¢,0.0123,0,0.0123,,,1,0,0,0,0
GenuineShrub,B1,¶Ü¹û²Ý,0.1,0,0.1,,,1,0,0,0,0
GenuineShrub,B1,»ðÈÞ²Ý,0.1,0,0.1,,,1,Necrotrophic,ºÖ°ß,0.016666667,0
GenuineShrub,B1,Ë«ÖùÍ·Ë‘²Ý,0.09,0,0.09,,,1,Necrotrophic,Ò¶¿Ý,0.066666667,0
GenuineShrub,B1,¸ßÉ½¾Â,0.15,0,0.15,,,1,0,0,0,0
GenuineShrub,B1,Èé½¬´óêª,0.15,0.4079,0.5579,25.28,26.68,1,0,0,0,0
GenuineShrub,B1,»ÆÖãéÒÎá,0.3,0,0.3,,,1,0,0,0,0
GenuineShrub,B1,¼ô¹ÉÓ±,0,0.2306,0.2306,64.3,64.5,1,0,0,0,0
GenuineShrub,B1,´äÈ¸,0,0.3305,0.3305,35.1,35.5,1,0,0,0,0
GenuineShrub,B1,ÖÐ¹úÂíÏÈÝï,0,0.1262,0.1262,11.56666667,13.56666667,1,0,0,0,0
Control,B4,ÏßÒ¶áÔ²Ý,5.6,0.0421,5.6421,10.52,10.94,1,Necrotrophic,Ò¶¿Ý,0.013333333,0
Control,B4,¸ßÉ½ÌÆËÉ²Ý,0.42,0.2788,0.6988,10.62,11.94,1,Necrotrophic,ºÖ°ß,0.006666667,0.013333333
Control,B4,ÍÖÔ²Ò¶»¨Ãª,0.4,0,0.4,,,1,0,0,0,0
Control,B4,¸ßÔ­Ã«Ý¢,0.008,0,0.008,,,1,0,0,0,0
Control,B4,²ÝµØÔçÊìºÌ,0,0.0973,0.0973,45.9,46.5,1,Necrotrophic,Ò¶¿Ý,0.083333333,0
Control,B4,¸ßÉ½¶¹,0.013,0.258,0.271,8.62,9.2,1,0,0,0,0.166666667
Control,B4,»ÆÜË,1.78,0.4855,2.2655,13.38,14.24,1,Necrotrophic,ºÖ°ß,0.013333333,0
Control,B4,»ªÎ÷Î¯Áê²Ë,0.16,0.2603,0.4203,7.5,7.94,1,0,0,0,0
Control,B4,ÒìÕëÃ©,2.44,1.421,3.861,53.48,54.38,1,0,0,0,0
Control,B4,¶þÁÑÎ¯Áê²Ë,0.18,0,0.18,,,1,0,0,0,0
Control,B4,Ï¸Ò¶ÑÇ¾Õ,0.1,0.2288,0.3288,12.08,12.72,1,0,0,0,0
Control,B4,ÐÇ×´·çÃ«¾Õ,2.73,0,2.73,,,1,0,0,0,0
Control,B4,Ã¢œÍ²Ý,0.29,0,0.29,,,1,0,0,0,0
Control,B4,µØ¶¡,0.0253,0,0.0253,,,1,0,0,0,0
Control,B4,»ÆÜÎ,0.3,0.3305,0.6305,11.02,21.3,1,Necrotrophic,Ò¶°ß,0.006666667,0.02
Control,B4,ËáÄ£,0.0047,0.1679,0.1726,8.48,9.1,1,0,0,0,0
Control,B4,ÏßÒ¶Áúµ¨,0.86,0,0.86,,,1,0,0,0,0
Control,B4,Î÷²ØÇž²Ë,0.05,0,0.05,,,1,0,0,0,0
Control,B4,Ð¡Ã×²Ý,0.25,0.424,0.674,16.3,17.84,1,0,0,0,0
Control,B4,°«ÔóÇÛ,0.0027,0,0.0027,,,1,0,0,0,0
Control,B4,Ì¦²Ý,6.29,0.4872,6.7772,26.18,26.8,1,Necrotrophic,Ò¶°ß,0.013333333,0.02
Control,B4,¿íÌ¦²Ý,0.14,0,0.14,,,1,0,0,0,0.011111111
Control,B4,ºÌ²Ý,4.29,0,4.29,,,1,Necrotrophic,Ò¶°ß,0.006666667,0
Control,B4,Ë«ÖùÍ·Ë‘²Ý,0.34,0,0.34,,,1,Necrotrophic,Ò¶¿Ý,0.033333333,0
Control,B4,ÌõÒ¶ÒøÁ«»¨,0.08,0.1443,0.2243,6.88,7.16,1,0,0,0,0.020833333
Control,B4,ÈðÜß²Ý,0.45,0.6916,1.1416,15.58,16.24,1,Necrotrophic,ºÖ°ß,0.011111111,0.077777778
Control,B4,´äÈ¸,0.0208,0.4953,0.5161,16.56,17.02,1,0,0,0,0
Control,B4,Èé½¬´óêª,0.1,0.0846,0.1846,9.64,10.26,1,Necrotrophic,ºÖ°ß,0.013333333,0
Control,B4,ÀÏðÙ²Ý,0.0196,0,0.0196,,,1,Necrotrophic,Ò¶°ß,0.055555556,0
Control,B4,¶ÛÁÑÒøÁ«»¨,0.0756,0.2928,0.3684,9.36,10.5,1,Necrotrophic,ºÖ°ß,0.066666667,0
Control,B4,Ð¡»¨²ÝÓñÃ·,1.14,2.4865,3.6265,16.4,19.32,1,Necrotrophic,ºÖ°ß,0.033333333,0.022222222
RemovedShrub,B6,Î÷²ØÇž²Ë,0.0665,0,0.0665,,,1,0,0,0,0
RemovedShrub,B6,´ÌÃ¢Áúµ¨,0.0724,0,0.0724,,,1,0,0,0,0
RemovedShrub,B6,Ã«¹ûÆÅÆÅÄÉ,0.0922,0,0.0922,,,1,0,0,0,0
RemovedShrub,B6,¼¬¶¹,0.0436,0,0.0436,,,1,0,0,0,0
RemovedShrub,B6,ÖÐ¹úÂíÏÈÝï,0.0378,1.5095,1.5473,15.32,16.92,1,0,0,0,0
RemovedShrub,B6,µØ¶¡,0.0198,0,0.0198,,,1,0,0,0,0
RemovedShrub,B6,ÌõÒ¶ÒøÁ«»¨,0.0023,0.0026,0.0049,4.6,4.9,1,0,0,0,0
RemovedShrub,B6,Ð¡»¨²ÝÓñÃ·,0.0045,0.367,0.3715,11.6,12.475,1,Necrotrophic,ºÖ°ß,0.5,0
RemovedShrub,B6,»ÆÜÎ,1.15,3.3799,4.5299,19.84,22.24,1,Necrotrophic,ºÖ°ß,0.044444444,0.022222222
RemovedShrub,B6,ÐÇ×´·çÃ«¾Õ,0.47,0,0.47,,,1,0,0,0,0
RemovedShrub,B6,ÏßÒ¶áÔ²Ý,2.48,0.1001,2.5801,23.26,24.72,1,Necrotrophic,Ò¶°ß,0.013333333,0.013333333
RemovedShrub,B6,ºÌ²Ý,5.54,0,5.54,,,1,0,0,0,0.006666667
RemovedShrub,B6,ÈðÜß²Ý,5.07,2.0143,7.0843,19.82,20.34,1,Necrotrophic,ºÖ°ß,0.213333333,0
RemovedShrub,B6,²ÝµØÔçÊìºÌ,1.09,0.5615,1.6515,45.6,46.44,1,0,0,0,0
RemovedShrub,B6,Ì¦²Ý,4.74,0.7506,5.4906,39.46,41.06,1,Necrotrophic,ºÖ°ß,0.066666667,0
RemovedShrub,B6,ÀÏðÙ²Ý,0.21,0.0557,0.2657,14.36,15.8,1,Necrotrophic,ºÖ°ß,0.022222222,0
RemovedShrub,B6,Èé½¬´óêª,0.5,0.1687,0.6687,16.6,17.76,1,Biotrophic,Ðâ²¡,0.066666667,0
RemovedShrub,B6,¸ßÉ½ÌÆËÉ²Ý,0.38,0.1606,0.5406,15.08,15.56,1,Necrotrophic,ºÖ°ß,0.026666667,0.013333333
RemovedShrub,B6,Ë«ÖùÍ·Ë‘²Ý,0.26,0,0.26,,,1,0,0,0,0.033333333
RemovedShrub,B6,´äÈ¸,0,0.0663,0.0663,12.7,13.1,1,Necrotrophic,ºÖ°ß,0.111111111,0
RemovedShrub,B6,¸ßÉ½¶¹,0,0.0021,0.0021,4.7,4.9,1,0,0,0,0
RemovedShrub,B6,ÒìÕëÃ©,0,0.5865,0.5865,40.76666667,41.7,1,Necrotrophic,Ò¶°ß,0.111111111,0
GenuineShrub,B7,Ð¡»¨²ÝÓñÃ·,0.0591,1.8608,1.9199,25.06,26.28,1,0,0,0,0
GenuineShrub,B7,´¹ËëÅû¼î²Ý,1.18,0.7462,1.9262,46.56,48.36,1,Necrotrophic,Ò¶¿Ý,0.02,0
GenuineShrub,B7,Äá²´¶ûÓ¬×Ó²Ý,0.0128,0,0.0128,,,1,0,0,0,0
GenuineShrub,B7,ÆÑ¹«Ó¢,0.0319,0,0.0319,,,1,0,0,0,0.033333333
GenuineShrub,B7,ÀÏðÙ²Ý,0.6,0.1156,0.7156,21.72,22.88,1,Necrotrophic,Ò¶°ß,0.013333333,0
GenuineShrub,B7,×ÏÝÒ,0.0858,1.4607,1.5465,17.08,18.94,1,0,0,0,0
GenuineShrub,B7,°«ÔóÇÛ,0.0032,0.0117,0.0149,5.22,5.74,1,0,0,0,0
GenuineShrub,B7,¸ßÔ­Ã«Ý¢,0.0025,0.0048,0.0073,9.5,10.3,1,0,0,0,0
GenuineShrub,B7,Ò°ºúÂÜ²·,0.0241,0,0.0241,,,1,0,0,0,0
GenuineShrub,B7,¸ßÉ½ÌÆËÉ²Ý,0.0597,0.0524,0.1121,13.14,14.18,1,Necrotrophic,Ò¶¿Ý,0.033333333,0
GenuineShrub,B7,¸ßÉ½¾Â,0.6,0,0.6,,,1,0,0,0,0
GenuineShrub,B7,ºÌ²Ý,10.51,0,10.51,,,1,Necrotrophic,Ò¶°ß,0.013333333,0
GenuineShrub,B7,Èé½¬´óêª,0.0556,0.1189,0.1745,19.64,22.16,1,0,0,0,0
GenuineShrub,B7,»ÆÖãéÒÎá,0.18,9.6557,9.8357,36.46,37.34,1,0,0,0,0
GenuineShrub,B7,ËáÄ£,0.011,0.0275,0.0385,8.625,8.95,1,0,0,0,0
GenuineShrub,B7,¿íÌ¦²Ý,1.51,0,1.51,,,1,Biotrophic,Ðâ²¡,0.033333333,0
GenuineShrub,B7,´äÈ¸,0,0.0069,0.0069,7.2,7.72,1,0,0,0,0
Control,B10,¸ßÉ½¾Â,0.0339,0,0.0339,,,1,0,0,0,0
Control,B10,Ï¸Ò¶ÑÇ¾Õ,0.41,0.1235,0.5335,13.16,13.88,1,0,0,0,0
Control,B10,ÈðÜß²Ý,0.36,0.8864,1.2464,17,17.8,1,Necrotrophic,ºÖ°ß,0.145833333,0.020833333
Control,B10,Ð¡»¨²ÝÓñÃ·,0.0073,1.5992,1.6065,17.5,17.975,1,0,0,0,0
Control,B10,ÒìÕëÃ©,1.13,1.4938,2.6238,62.06,64.2,1,Necrotrophic,Ò¶°ß,0.083333333,0
Control,B10,»ÆÜÎ,0.24,0.1539,0.3939,9.46,10.68,1,0,0,0,0.016666667
Control,B10,ÏßÒ¶áÔ²Ý,1.05,0.0455,1.0955,18.72,19.36,1,Necrotrophic,Ò¶°ß,0.02,0
Control,B10,ºÌ²Ý,6.51,0,6.51,,,1,Necrotrophic,Ò¶°ß,0.026666667,0
Control,B10,¸ßÔ­Ã«Ý¢,0.16,0.2073,0.3673,24.28,24.82,1,Necrotrophic,Ò¶°ß,0.008333333,0
Control,B10,»ªÎ÷Î¯Áê²Ë,0.05,0,0.05,,,1,0,0,0,0
Control,B10,Ì¦²Ý,1.64,0.6298,2.2698,31.32,32.36,1,Necrotrophic,Ò¶¿Ý,0.033333333,0
Control,B10,¿íÌ¦²Ý,0.59,0,0.59,,,1,Necrotrophic,Ò¶¿Ý,0.013333333,0
Control,B10,¶ÛÁÑÒøÁ«»¨,0.0239,0,0.0239,,,1,Necrotrophic,ºÖ°ß,0.083333333,0
Control,B10,Ò°ºúÂÜ²·,0.31,0,0.31,,,1,0,0,0,0
Control,B10,Èé½¬´óêª,2.09,0.5146,2.6046,20.14,21.42,1,Biotrophic,Ðâ²¡,0.06,0
Control,B10,ÐÇ×´·çÃ«¾Õ,2.56,0,2.56,,,1,0,0,0,0
Control,B10,»ÆÜË,0.19,0.9756,1.1656,18.26,18.86,1,0,0,0,0
Control,B10,¼ô¹ÉÓ±,0,0.2419,0.2419,52.46,53.32,1,0,0,0,0
Control,B10,ÀÏðÙ²Ý,0,0.0502,0.0502,13.36666667,14.4,1,Necrotrophic,ºÖ°ß,0.133333333,0
Control,B10,´äÈ¸,0,0.2709,0.2709,33.9,34.5,1,0,0,0,0
Control,B10,ÔçÊìºÌ,1.86,0.2818,2.1418,45.4,46.4,1,0,0,0,0
Control,B10,¸ÊËàÂíÏÈÝï,0.59,0.0572,0.6472,4.42,4.78,1,0,0,0,0
Control,B10,Ã«¹ûÆÅÆÅÄÉ,0.13,0,0.13,,,1,0,0,0,0
Control,B10,¸ßÉ½ÌÆËÉ²Ý,0.25,0.1342,0.3842,12.58,13.3,1,Necrotrophic,ºÖ°ß,0.016666667,0
Control,B10,´ØÉú¾í¶ú,0.08,0,0.08,,,1,0,0,0,0
FakeShrub,B9,ÈðÜß²Ý,2.62,0.5874,3.2074,21.58,22.68,1,Necrotrophic,ºÖ°ß,0.04,0.02
FakeShrub,B9,ÏßÒ¶Áúµ¨,0.06,0,0.06,,,1,0,0,0,0
FakeShrub,B9,Ì¦²Ý,5.09,0.5792,5.6692,35.06,41.06,1,Necrotrophic,ºÖ°ß,0.033333333,0
FakeShrub,B9,´äÈ¸,0.0052,0.1216,0.1268,15.9,16.2,1,0,0,0,0
FakeShrub,B9,ÌõÒ¶ÒøÁ«»¨,0.09,0.445,0.535,11.94,12.36,1,0,0,0,0
FakeShrub,B9,ËáÄ£,0.34,0.4174,0.7574,11.54,11.86,1,0,0,0,0
FakeShrub,B9,Ë«ÖùÍ·Ë‘²Ý,0.11,0,0.11,,,1,Necrotrophic,Ò¶¿Ý,0.033333333,0
FakeShrub,B9,Ò°ºúÂÜ²·,0.32,0,0.32,,,1,0,0,0,0
FakeShrub,B9,´ØÉú¾í¶ú,0.0079,0,0.0079,,,1,0,0,0,0
FakeShrub,B9,ºÌ²Ý,3.78,0,3.78,,,1,Necrotrophic,Ò¶°ß,0.026666667,0
FakeShrub,B9,»ªÎ÷Î¯Áê²Ë,0.0161,0,0.0161,,,1,0,0,0,0.166666667
FakeShrub,B9,ÆÑ¹«Ó¢,0.0011,0,0.0011,,,1,0,0,0,0
FakeShrub,B9,Èé½¬´óêª,0.09,0.5086,0.5986,12.16,12.96,1,Biotrophic,Ðâ²¡,0.133333333,0
FakeShrub,B9,Ð¡Ã×²Ý,0.0386,0.4,0.4386,20.88,21.84,1,0,0,0,0
FakeShrub,B9,´ÌÃ¢Áúµ¨,0.26,0,0.26,,,1,0,0,0,0
FakeShrub,B9,¼¬¶¹,0.0103,0.2935,0.3038,17.1,18.26,1,0,0,0,0
FakeShrub,B9,»ÆÜÎ,0.0361,0.781,0.8171,13.08,13.66,1,Necrotrophic,ºÖ°ß,0.020833333,0
FakeShrub,B9,¶ÛÁÑÒøÁ«»¨,0.0412,0.1478,0.189,24.1,26.05,1,0,0,0,0.083333333
FakeShrub,B9,Ð¡»¨²ÝÓñÃ·,0.07,0.6926,0.7626,22.375,22.925,1,Necrotrophic,ºÖ°ß,0.083333333,0
FakeShrub,B9,ÀÏðÙ²Ý,0.54,0.2086,0.7486,13.6,13.96,1,Necrotrophic,ºÖ°ß,0.04,0.013333333
FakeShrub,B9,ÌÆ¹ÅÀ­ÆÅÆÅÄÉ,0.0112,0,0.0112,,,1,0,0,0,0.011111111
FakeShrub,B9,µØ¶¡,0.0081,0,0.0081,,,1,0,0,0,0
FakeShrub,B9,ÐÇ×´·çÃ«¾Õ,0.17,0,0.17,,,1,0,0,0,0
FakeShrub,B9,¸ßÉ½ÌÆËÉ²Ý,0.0278,0.2412,0.269,9.2,9.66,1,0,0,0,0
FakeShrub,B9,ÏßÒ¶áÔ²Ý,0.89,0.5441,1.4341,23,24.56,1,Necrotrophic,Ò¶°ß,0.02,0
FakeShrub,B9,Ã¢œÍ²Ý,0,0.8083,0.8083,65.84,67.22,1,0,0,0,0
FakeShrub,B9,ÖÐ¹úÂíÏÈÝï,0,0.388,0.388,12.6,13.68,1,0,0,0,0
FakeShrub,B9,ÅûÕëÒ¶»Æ»ª,0,0.0166,0.0166,4.1,5.1,1,0,0,0,0
FakeShrub,B9,´¹ËëÅû¼î²Ý,0,0.3222,0.3222,78.4,85.55,1,0,0,0,0
FakeShrub,B9,¼ô¹ÉÓ±,0,0.3658,0.3658,59.65,66.3,1,0,0,0,0
FakeShrub,B9,°«ÔóÇÛ,0,0.2588,0.2588,5.866666667,6.233333333,1,0,0,0,0
FakeShrub,B9,¸ßÔ­Ã«Ý¢,0,0.0138,0.0138,3.65,4.2,1,0,0,0,0
FakeShrub,B9,ÒìÕëÃ©,0,0.3474,0.3474,77.3,89.65,1,Necrotrophic,ºÖ°ß,0.083333333,0
Control,B5,Ë«ÖùÍ·Ë‘²Ý,0.0773,0,0.0773,,,1,Necrotrophic,Ò¶¿Ý,0.083333333,0
Control,B5,ºÌ²Ý,8.14,0,8.14,,,1,Necrotrophic,Ò¶°ß,0.033333333,0
Control,B5,ÒìÕëÃ©,0.89,1.3402,2.2302,46.74,49.72,1,Necrotrophic,Ò¶°ß,0.066666667,0
Control,B5,´äÈ¸,0,0.2019,0.2019,10.16,10.56,1,0,0,0,0.055555556
Control,B5,°«ÔóÇÛ,0,0.0135,0.0135,4.02,4.24,1,0,0,0,0.033333333
Control,B5,Ã¢œÍ²Ý,0,0.3836,0.3836,26.58,26.96,1,0,0,0,0
Control,B5,ÈðÜß²Ý,0.38,0.5583,0.9383,10.86,11.92,1,Necrotrophic,ºÖ°ß,0.05,0.083333333
Control,B5,ÅûÕëÒ¶»Æ»ª,0.0046,0,0.0046,,,1,0,0,0,0
Control,B5,Ã«¹ûÆÅÆÅÄÉ,0.003,0,0.003,,,1,0,0,0,0
Control,B5,¸ßÔ­Ã«Ý¢,0.0223,0.0723,0.0946,8.6,9.46,1,0,0,0,0
Control,B5,Èé½¬´óêª,0.15,0.0949,0.2449,10.46,10.9,1,Necrotrophic,Ò¶°ß,0.013333333,0
Control,B5,¸ßÉ½ÌÆËÉ²Ý,0.81,0.1519,0.9619,9.42,10.28,1,Necrotrophic,ºÖ°ß,0.033333333,0.006666667
Control,B5,ËáÄ£,0.0071,0.0603,0.0674,7.25,7.65,1,0,0,0,0
Control,B5,»ðÈÞ²Ý,0.11,0,0.11,,,1,0,0,0,0.011111111
Control,B5,ÏßÒ¶áÔ²Ý,3.12,0.115,3.235,13,13.2,1,Necrotrophic,Ò¶°ß,0.02,0
Control,B5,ÐÇ×´·çÃ«¾Õ,1.79,0,1.79,,,1,0,0,0,0.006666667
Control,B5,ÌõÒ¶ÒøÁ«»¨,0.102,0.679,0.781,9.26,9.94,1,0,0,0,0.011111111
Control,B5,ÔçÊìºÌ,0.11,0.2681,0.3781,32.82,34.12,1,Necrotrophic,Ò¶¿Ý,0.166666667,0
Control,B5,ÜÙÞ£,0.0212,0,0.0212,,,1,0,0,0,0
Control,B5,Ð¡Ã×²Ý,0.0626,0.203,0.2656,15.4,16.28,1,0,0,0,0
Control,B5,½ÇÅÌÀ¼,0.0271,0,0.0271,,,1,Necrotrophic,ºÖ°ß,0.222222222,0
Control,B5,µØ¶¡,0.0229,0,0.0229,,,1,0,0,0,0
Control,B5,Ð¡»¨²ÝÓñÃ·,0.88,1.3469,2.2269,16.78,17.46,1,Necrotrophic,ºÖ°ß,0.1,0
Control,B5,Ì¦²Ý,8.3,0.8482,9.1482,25.28,25.82,1,Necrotrophic,Ò¶¿Ý,0.04,0.013333333
RemovedShrub,B9,ÀÏðÙ²Ý,0.58,0.3325,0.9125,21.6,22.14,1,Necrotrophic,Ò¶¿Ý,0.02,0.006666667
RemovedShrub,B9,ËáÄ£,2.22,0.4614,2.6814,15.02,15.46,1,Necrotrophic,ºÖ°ß,0.166666667,0.055555556
RemovedShrub,B9,»ÆÜË,0.6,0.4761,1.0761,22.34,22.8,1,Necrotrophic,Ò¶°ß,0.013333333,0.006666667
RemovedShrub,B9,ÏßÒ¶áÔ²Ý,0.3,0.4515,0.7515,27.4,30.32,1,0,0,0,0
RemovedShrub,B9,´äÈ¸,0.0039,0.3674,0.3713,29.84,30.46,1,0,0,0,0
RemovedShrub,B9,¸ßÔ­Ã«Ý¢,0.0105,0,0.0105,,,1,Necrotrophic,Ò¶¿Ý,0.166666667,0
RemovedShrub,B9,ÖÐ¹úÂíÏÈÝï,0.0096,0.3843,0.3939,17.92,19.34,1,0,0,0,0
RemovedShrub,B9,Èé½¬´óêª,0.0119,0.2652,0.2771,10.12,10.86,1,Biotrophic,Ðâ²¡,0.013333333,0
RemovedShrub,B9,¸ßÉ½ÌÆËÉ²Ý,0.0247,0.3111,0.3358,16.9,17.82,1,0,0,0,0
RemovedShrub,B9,Ð¡Ã×²Ý,0.011,0.2026,0.2136,18.18,19.1,1,0,0,0,0
RemovedShrub,B9,´ØÉú¾í¶ú,0.0163,0,0.0163,,,1,0,0,0,0
RemovedShrub,B9,·±ÂÆ,0.0014,0,0.0014,,,1,0,0,0,0
RemovedShrub,B9,ÆÑ¹«Ó¢,0.05,0,0.05,,,1,0,0,0,0
RemovedShrub,B9,ÎÞÎ²ÏÁ¹ûÝãÜÂ,0.03,0,0.03,,,1,0,0,0,0.041666667
RemovedShrub,B9,¿íÌ¦²Ý,0.19,0,0.19,,,1,Necrotrophic,Ò¶°ß,0.044444444,0.033333333
RemovedShrub,B9,ºÌ²Ý,11.01,0,11.01,,,1,Necrotrophic,Ò¶°ß,0.1,0
RemovedShrub,B9,¸ßÉ½¾Â,0.03,0,0.03,,,1,0,0,0,0
RemovedShrub,B9,Ì¦²Ý,9.96,0.5079,10.4679,33.82,37.04,1,Necrotrophic,Ò¶°ß,0.04,0
RemovedShrub,B9,ÒìÕëÃ©,0.62,0.7555,1.3755,75.14,78.22,1,0,0,0,0
RemovedShrub,B9,¸ÊËàÂíÏÈÝï,0.41,0,0.41,,,1,0,0,0,0
RemovedShrub,B9,ÈðÜß²Ý,1.44,0.6067,2.0467,19.1,19.68,1,Necrotrophic,ºÖ°ß,0.066666667,0.022222222
RemovedShrub,B9,ÈðÜß²Ý,1.44,0.6067,2.0467,19.1,19.68,2,Necrotrophic,ºÖ°ß,0.066666667,0.011111111
RemovedShrub,B9,ÐÇ×´·çÃ«¾Õ,3.2,0,3.2,,,1,0,0,0,0
RemovedShrub,B9,¼¬¶¹,0,0.1614,0.1614,37.6,39.2,1,Necrotrophic,Ò¶¿Ý,0.047619048,0.023809524
RemovedShrub,B9,Ð¡»¨²ÝÓñÃ·,0,0.1036,0.1036,6.6,6.8,1,0,0,0,0
RemovedShrub,B9,»ªÎ÷Î¯Áê²Ë,0,0.311,0.311,12.26666667,12.63333333,1,0,0,0,0
RemovedShrub,B9,´¹ËëÅû¼î²Ý,0,3.2929,3.2929,76.76,86.82,1,0,0,0,0
RemovedShrub,B9,×ÏÝÒ,0,0.5156,0.5156,24.34,25.38,1,Necrotrophic,ºÖ°ß,0.022222222,0.166666667
RemovedShrub,B9,Ï¸Ò¶ÑÇ¾Õ,0,0.5488,0.5488,22.82,23.8,1,0,0,0,0
RemovedShrub,B9,»ÆÜÎ,0,0.3651,0.3651,9.533333333,10.03333333,1,0,0,0,0.041666667
FakeShrub,B7,¶ÛÁÑÒøÁ«»¨,0,0.2228,0.2228,11.24,11.58,1,Necrotrophic,Ò¶°ß,0.020833333,0.010416667
FakeShrub,B7,ÔçÊìºÌ,0,0.3772,0.3772,44.74,45.34,1,0,0,0,0
FakeShrub,B7,¼ô¹ÉÓ±,0,0.3073,0.3073,64.6,71.46666667,1,Necrotrophic,Ò¶¿Ý,0.055555556,0
FakeShrub,B7,¸ßÔ­Ã«Ý¢,0,0.0868,0.0868,18.7,19.13333333,1,0,0,0,0
FakeShrub,B7,Ï¸Ò¶ÑÇ¾Õ,0,0.1888,0.1888,16.92,17.94,1,0,0,0,0
FakeShrub,B7,ÌõÒ¶ÒøÁ«»¨,0,0.1104,0.1104,8.7,9.166666667,1,0,0,0,0.055555556
FakeShrub,B7,´äÈ¸,0,0.0401,0.0401,10,10.5,1,Necrotrophic,ºÖ°ß,0.055555556,0
FakeShrub,B7,Èé½¬´óêª,0,0.0051,0.0051,9.35,9.95,1,Necrotrophic,Ò¶°ß,0.008333333,0
FakeShrub,B7,×ÏÝÒ,0,0.4847,0.4847,15.14,16.34,1,Necrotrophic,ºÖ°ß,0.111111111,0
FakeShrub,B7,»ÆÖãéÒÎá,0,7.2103,7.2103,24.32,25.24,1,Necrotrophic,ºÖ°ß,0.111111111,0
FakeShrub,B7,ÒìÕëÃ©,0,0.6361,0.6361,31.4,34,1,Necrotrophic,Ò¶¿Ý,0.25,0
Control,B1,´äÈ¸,0,0.0924,0.0924,7.54,8.16,,,,,
Control,B10,Ð¡Ã×²Ý,0,0.1207,0.1207,20.65,21.15,,,,,
Control,B10,ËáÄ£,0,0.2526,0.2526,11.94,12.58,,,,,
Control,B2,ÖÐ¹úÂíÏÈÝï,0,0.3257,0.3257,20.9,21.93333333,,,,,
Control,B2,´¹ËëÅû¼î²Ý,0,0.9908,0.9908,51.22,57.3,,,,,
Control,B2,°«ÔóÇÛ,0,0.1683,0.1683,11.58,12.52,,,,,
Control,B2,¸ßÔ­Ã«Ý¢,0,0.0905,0.0905,12.22,12.9,,,,,
Control,B3,Ð¡Ã×²Ý,0,0.0096,0.0096,17.6,19.5,,,,,
Control,B3,ÅûÕëÒ¶»Æ»ª,0,2.1847,2.1847,24.64,25.1,,,,,
Control,B3,ËáÄ£,0,0.2025,0.2025,15.7,16.4,,,,,
Control,B3,¸ßÉ½ÌÆËÉ²Ý,0,0.0159,0.0159,5.8,6.6,,,,,
Control,B4,ÖÐ¹úÂíÏÈÝï,0,1.3396,1.3396,20.52,21.6,,,,,
Control,B4,ÅûÕëÒ¶»Æ»ª,0,0.0292,0.0292,9.1,10.1,,,,,
Control,B4,¼¬¶¹,0,0.962,0.962,18.36,19.42,,,,,
Control,B4,×ÏÝÒ,0,1.5131,1.5131,11.16,11.72,,,,,
Control,B4,Î÷²ØÝÀ²Ë,0,0.0259,0.0259,3,3.22,,,,,
Control,B5,ÖÐ¹úÂíÏÈÝï,0,25.7005,25.7005,17.9,19.05,,,,,
Control,B5,»ªÎ÷Î¯Áê²Ë,0,0.2154,0.2154,9.975,10.625,,,,,
Control,B5,¼¬¶¹,0,0.2992,0.2992,10.2,10.54,,,,,
Control,B5,×ÏÝÒ,0,0.4108,0.4108,5.22,5.62,,,,,
Control,B5,ÀÏðÙ²Ý,0,0.025,0.025,10.85,11.1,,,,,
Control,B5,Î÷²ØÝÀ²Ë,0,0.0239,0.0239,2.34,2.48,,,,,
Control,B5,¶ÛÁÑÒøÁ«»¨,0,0.2528,0.2528,12.14,12.68,,,,,
Control,B5,¸ßÉ½¶¹,0,0.3752,0.3752,8.86,9.26,,,,,
Control,B5,»ÆÜË,0,0.0249,0.0249,7.3,7.5,,,,,
Control,B5,»ÆÜÎ,0,0.0799,0.0799,8.5,9.733333333,,,,,
Control,B6,Èé½¬´óêª,0,0.0613,0.0613,10.8,11.94,,,,,
Control,B6,»ªÎ÷Î¯Áê²Ë,0,0.1428,0.1428,8.46,8.92,,,,,
Control,B6,Ð¡Ã×²Ý,0,0.0155,0.0155,11.15,11.9,,,,,
Control,B6,ÔçÊìºÌ,0,0.0684,0.0684,31.55,33.45,,,,,
Control,B6,¼¬¶¹,0,0.5807,0.5807,16.52,17.04,,,,,
Control,B6,´äÈ¸,0,0.4981,0.4981,17.18,17.82,,,,,
Control,B6,ÀÏðÙ²Ý,0,0.0668,0.0668,9.34,9.88,,,,,
Control,B6,Ã¢œÍ²Ý,0,0.6326,0.6326,46.02,46.32,,,,,
Control,B6,Î÷²ØÝÀ²Ë,0,0.0229,0.0229,4.18,4.56,,,,,
Control,B6,ËáÄ£,0,0.1619,0.1619,11.8,12.225,,,,,
Control,B7,ÖÐ¹úÂíÏÈÝï,0,0.7125,0.7125,17.025,17.85,,,,,
Control,B7,Èé½¬´óêª,0,0.0755,0.0755,11.875,13.25,,,,,
Control,B7,¼ô¹ÉÓ±,0,0.1908,0.1908,69.3,70.7,,,,,
Control,B7,´¹ËëÅû¼î²Ý,0,1.6662,1.6662,58.84,59.58,,,,,
Control,B7,ÅûÕëÒ¶»Æ»ª,0,0.4638,0.4638,16.06666667,16.3,,,,,
Control,B7,¼¬¶¹,0,0.2117,0.2117,13.64,14.48,,,,,
Control,B7,Ï¸Ò¶ÑÇ¾Õ,0,0.1172,0.1172,13.34,14.38,,,,,
Control,B7,Î÷²ØÝÀ²Ë,0,0.0203,0.0203,3.22,3.48,,,,,
Control,B7,¶ÛÁÑÒøÁ«»¨,0,0.0634,0.0634,14.7,15.4,,,,,
Control,B7,¸ßÉ½¶¹,0,0.291,0.291,15.26,15.94,,,,,
Control,B8,´¹ËëÅû¼î²Ý,0,1.1566,1.1566,43.26,44.04,,,,,
Control,B8,Ð¡Ã×²Ý,0,0.0191,0.0191,9.9,10.4,,,,,
Control,B8,¼¬¶¹,0,0.4065,0.4065,27.2,28.1,,,,,
Control,B8,ËáÄ£,0,0.0203,0.0203,7.2,7.7,,,,,
Control,B9,´¹ËëÅû¼î²Ý,0,1.1874,1.1874,53.96,58.46,,,,,
Control,B9,ÒìÕëÃ©,0,2.1222,2.1222,62.8,67.1,,,,,
Control,B9,ÅûÕëÒ¶»Æ»ª,0,0.8855,0.8855,19.55,19.8,,,,,
Control,B9,ÈðÜß²Ý,0,0.2469,0.2469,14.46666667,14.8,,,,,
Control,B9,Ï¸Ò¶ÑÇ¾Õ,0,0.1353,0.1353,25.4,26.1,,,,,
Control,B9,ËáÄ£,0,0.2497,0.2497,18.73333333,19.76666667,,,,,
FakeShrub,B1,´¹ËëÅû¼î²Ý,0,1.1707,1.1707,72.53333333,81.93333333,,,,,
FakeShrub,B1,·±ÂÆ,0,0.0115,0.0115,12.4,12.7,,,,,
FakeShrub,B1,»ÆÜË,0,0.4071,0.4071,15.12,16.66,,,,,
FakeShrub,B10,Ð¡Ã×²Ý,0,0.1148,0.1148,15,15.78,,,,,
FakeShrub,B10,ÅûÕëÒ¶»Æ»ª,0,5.1283,5.1283,39.13333333,40.26666667,,,,,
FakeShrub,B10,Î÷²ØÝÀ²Ë,0,0.0176,0.0176,2.72,3.02,,,,,
FakeShrub,B10,¸ßÔ­Ã«Ý¢,0,0.087,0.087,11.26,11.94,,,,,
FakeShrub,B2,ÖÐ¹úÂíÏÈÝï,0,0.8833,0.8833,9.54,11.04,,,,,
FakeShrub,B2,¼ô¹ÉÓ±,0,0.3826,0.3826,57,60.3,,,,,
FakeShrub,B2,ËáÄ£,0,0.1504,0.1504,17.46666667,18.2,,,,,
FakeShrub,B2,¸ßÉ½¶¹,0,0.3769,0.3769,10.94,11.38,,,,,
FakeShrub,B3,´¹ËëÅû¼î²Ý,0,2.2887,2.2887,59.3,72.2,,,,,
FakeShrub,B3,Ð¡Ã×²Ý,0,0.0283,0.0283,11.5,12.9,,,,,
FakeShrub,B3,¸ßÔ­Ã«Ý¢,0,0.0475,0.0475,9.45,9.8,,,,,
FakeShrub,B4,¼ô¹ÉÓ±,0,0.1664,0.1664,61.5,64.5,,,,,
FakeShrub,B4,Ð¡Ã×²Ý,0,0.0097,0.0097,11.6,12.3,,,,,
FakeShrub,B4,ÌõÒ¶ÒøÁ«»¨,0,0.2773,0.2773,9.58,10.54,,,,,
FakeShrub,B4,¼¬¶¹,0,0.2689,0.2689,13.22,14.26,,,,,
FakeShrub,B4,ÈðÜß²Ý,0,0.793,0.793,19.3,20.24,,,,,
FakeShrub,B4,´äÈ¸,0,0.2211,0.2211,12.675,13.525,,,,,
FakeShrub,B4,ËáÄ£,0,0.0311,0.0311,11.45,11.55,,,,,
FakeShrub,B4,¸ßÉ½ÌÆËÉ²Ý,0,0.1155,0.1155,11.6,12.36,,,,,
FakeShrub,B4,»ÆÜË,0,0.3529,0.3529,14.08,15.7,,,,,
FakeShrub,B5,¼ô¹ÉÓ±,0,0.2373,0.2373,68.3,74.5,,,,,
FakeShrub,B5,Ð¡Ã×²Ý,0,0.1896,0.1896,20.45,21.075,,,,,
FakeShrub,B5,ÅûÕëÒ¶»Æ»ª,0,10.1886,10.1886,29.42,31.9,,,,,
FakeShrub,B5,Ï¸Ò¶ÑÇ¾Õ,0,0.3974,0.3974,22.58,23.68,,,,,
FakeShrub,B6,ÖÐ¹úÂíÏÈÝï,0,11.5843,11.5843,25.36,27.56,,,,,
FakeShrub,B6,ÅûÕëÒ¶»Æ»ª,0,1.5886,1.5886,20.525,21.65,,,,,
FakeShrub,B6,Î÷²ØÝÀ²Ë,0,0.0185,0.0185,2.34,2.8,,,,,
FakeShrub,B6,¸ßÔ­Ã«Ý¢,0,0.0065,0.0065,2.55,2.65,,,,,
FakeShrub,B7,Î÷²ØÝÀ²Ë,0,0.024,0.024,4.5,5.233333333,,,,,
FakeShrub,B8,¼ô¹ÉÓ±,0,0.3598,0.3598,54.5,61,,,,,
FakeShrub,B8,´¹ËëÅû¼î²Ý,0,1.6755,1.6755,68.48,77.96,,,,,
FakeShrub,B8,¼¬¶¹,0,0.029,0.029,9.5,11.6,,,,,
FakeShrub,B8,´äÈ¸,0,0.4982,0.4982,25.475,27.2,,,,,
FakeShrub,B8,Ã¢œÍ²Ý,0,0.7428,0.7428,55.02,55.52,,,,,
FakeShrub,B8,Î÷²ØÝÀ²Ë,0,0.0075,0.0075,3.066666667,3.466666667,,,,,
FakeShrub,B8,¸ßÉ½¶¹,0,0.3305,0.3305,13.76,14.86,,,,,
FakeShrub,B9,×ÏÝÒ,0,0.5707,0.5707,21.98,22.84,,,,,
FakeShrub,B9,»ÆÜË,0,0.7083,0.7083,17.12,17.76,,,,,
GenuineShrub,B1,»ªÎ÷Î¯Áê²Ë,0,0.2698,0.2698,9.14,9.92,,,,,
GenuineShrub,B1,Ð¡Ã×²Ý,0,0.1198,0.1198,15.64,16.94,,,,,
GenuineShrub,B1,ÅûÕëÒ¶»Æ»ª,0,4.3013,4.3013,24.26,25.94,,,,,
GenuineShrub,B1,¼¬¶¹,0,0.2885,0.2885,10.68,11.98,,,,,
GenuineShrub,B1,Ï¸Ò¶ÑÇ¾Õ,0,0.3423,0.3423,17.22,18.04,,,,,
GenuineShrub,B1,Î÷²ØÝÀ²Ë,0,0.0156,0.0156,3.4,3.7,,,,,
GenuineShrub,B1,¶ÛÁÑÒøÁ«»¨,0,0.2015,0.2015,9.44,9.98,,,,,
GenuineShrub,B1,¸ßÉ½¶¹,0,0.1925,0.1925,6.5,7.26,,,,,
GenuineShrub,B1,»ÆÜÎ,0,0.3218,0.3218,13.96,15.3,,,,,
GenuineShrub,B10,Èé½¬´óêª,0,0.0254,0.0254,12.3,12.7,,,,,
GenuineShrub,B10,Ð¡Ã×²Ý,0,0.2236,0.2236,24.3,25.58,,,,,
GenuineShrub,B10,ÒìÕëÃ©,0,0.5064,0.5064,94.3,95.2,,,,,
GenuineShrub,B10,ÌõÒ¶ÒøÁ«»¨,0,0.4184,0.4184,7.88,9.86,,,,,
GenuineShrub,B10,°«ÔóÇÛ,0,0.0029,0.0029,5.15,5.25,,,,,
GenuineShrub,B10,Ï¸Ò¶ÑÇ¾Õ,0,0.5457,0.5457,12.88,14.94,,,,,
GenuineShrub,B10,Î÷²ØÝÀ²Ë,0,0.0127,0.0127,5.375,5.725,,,,,
GenuineShrub,B10,ËáÄ£,0,0.1498,0.1498,14.35,15.425,,,,,
GenuineShrub,B10,¸ßÉ½ÌÆËÉ²Ý,0,0.0227,0.0227,11,12.4,,,,,
GenuineShrub,B10,»ÆÖãéÒÎá,0,1.2299,1.2299,20.65,22.25,,,,,
GenuineShrub,B10,»ÆÜÎ,0,0.2105,0.2105,22.16666667,23.73333333,,,,,
GenuineShrub,B2,¼ô¹ÉÓ±,0,0.2088,0.2088,71.2,72.5,,,,,
GenuineShrub,B2,Ð¡Ã×²Ý,0,0.5134,0.5134,25.96666667,26.53333333,,,,,
GenuineShrub,B2,ÅûÕëÒ¶»Æ»ª,0,0.0208,0.0208,6.9,7.2,,,,,
GenuineShrub,B2,ÌõÒ¶ÒøÁ«»¨,0,0.0104,0.0104,6.5,6.6,,,,,
GenuineShrub,B2,¸ßÉ½ÌÆËÉ²Ý,0,0.0098,0.0098,5.1,5.4,,,,,
GenuineShrub,B3,Èé½¬´óêª,0,0.10683,0.10683,18.84,20.24,,,,,
GenuineShrub,B3,¼ô¹ÉÓ±,0,0.0538,0.0538,28.3,33.6,,,,,
GenuineShrub,B3,´¹ËëÅû¼î²Ý,0,0.1248,0.1248,51.2,60.6,,,,,
GenuineShrub,B3,ÔçÊìºÌ,0,0.0071,0.0071,13.7,14.6,,,,,
GenuineShrub,B3,ÏßÒ¶áÔ²Ý,0,0.0205,0.0205,13.72,14.38,,,,,
GenuineShrub,B3,»ÆÖãéÒÎá,0,21.1228,21.1228,34.96,35.52,,,,,
GenuineShrub,B3,»ÆÜË,0,0.2984,0.2984,12.43333333,13,,,,,
GenuineShrub,B3,»ÆÜÎ,0,0.0102,0.0102,7.7,8.1,,,,,
GenuineShrub,B4,Èé½¬´óêª,0,0.0311,0.0311,12.2,14.43333333,,,,,
GenuineShrub,B4,´¹ËëÅû¼î²Ý,0,0.2677,0.2677,32.3,42.8,,,,,
GenuineShrub,B4,Ð¡Ã×²Ý,0,0.1172,0.1172,16.7,17.34,,,,,
GenuineShrub,B4,ÒìÕëÃ©,0,1.4318,1.4318,78.7,79.8,,,,,
GenuineShrub,B4,ÅûÕëÒ¶»Æ»ª,0,4.1615,4.1615,26.02,27.28,,,,,
GenuineShrub,B4,´äÈ¸,0,0.0403,0.0403,12.93333333,15,,,,,
GenuineShrub,B4,¸ßÉ½¶¹,0,0.0076,0.0076,7.9,8.2,,,,,
GenuineShrub,B4,»ÆÖãéÒÎá,0,6.3934,6.3934,29.38,30.46,,,,,
GenuineShrub,B5,Èé½¬´óêª,0,0.0496,0.0496,12.1,14,,,,,
GenuineShrub,B5,»ªÎ÷Î¯Áê²Ë,0,0.5459,0.5459,11.98,13.04,,,,,
GenuineShrub,B5,Ð¡Ã×²Ý,0,0.1449,0.1449,17.42,17.96,,,,,
GenuineShrub,B5,ÅûÕëÒ¶»Æ»ª,0,2.4215,2.4215,29.86666667,31.23333333,,,,,
GenuineShrub,B5,ÌõÒ¶ÒøÁ«»¨,0,0.1204,0.1204,7.14,7.54,,,,,
GenuineShrub,B5,¼¬¶¹,0,0.3463,0.3463,11.92,12.492,,,,,
GenuineShrub,B5,ÈðÜß²Ý,0,0.7545,0.7545,24.85,25.375,,,,,
GenuineShrub,B5,Î÷²ØÝÀ²Ë,0,0.0108,0.0108,2.3,2.64,,,,,
GenuineShrub,B5,ËáÄ£,0,0.0728,0.0728,9.875,10.875,,,,,
GenuineShrub,B5,»ÆÜÎ,0,0.386,0.386,21.52,22.56,,,,,
GenuineShrub,B6,Èé½¬´óêª,0,0.0025,0.0025,6.3,6.5,,,,,
GenuineShrub,B6,ÌõÒ¶ÒøÁ«»¨,0,0.0092,0.0092,5.2,5.7,,,,,
GenuineShrub,B6,×ÏÝÒ,0,1.0447,1.0447,13.88,14.46,,,,,
GenuineShrub,B6,Ï¸Ò¶ÑÇ¾Õ,0,0.6167,0.6167,17.32,18.42,,,,,
GenuineShrub,B6,ËáÄ£,0,0.3497,0.3497,17.46,17.92,,,,,
GenuineShrub,B6,¸ßÉ½ÌÆËÉ²Ý,0,0.0197,0.0197,8.95,10.2,,,,,
GenuineShrub,B6,»ÆÜÎ,0,0.197,0.197,10.3,11.7,,,,,
GenuineShrub,B7,¼ô¹ÉÓ±,0,0.959,0.959,65.18,66.98,,,,,
GenuineShrub,B7,»ªÎ÷Î¯Áê²Ë,0,0.1755,0.1755,10.28,12.3,,,,,
GenuineShrub,B7,ÒìÕëÃ©,0,1.227,1.227,71.13333333,71.93333333,,,,,
GenuineShrub,B7,ÅûÕëÒ¶»Æ»ª,0,4.8102,4.8102,25.64,27.08,,,,,
GenuineShrub,B7,ÌõÒ¶ÒøÁ«»¨,0,0.591,0.591,14.425,15.1,,,,,
GenuineShrub,B7,Î÷²ØÝÀ²Ë,0,0.0022,0.0022,1.68,1.96,,,,,
GenuineShrub,B7,¶ÛÁÑÒøÁ«»¨,0,0.0926,0.0926,9.48,10.2,,,,,
GenuineShrub,B7,»ÆÜË,0,0.0971,0.0971,15.65,15.8,,,,,
GenuineShrub,B8,ÖÐ¹úÂíÏÈÝï,0,0.0056,0.0056,4.5,5.1,,,,,
GenuineShrub,B8,Ð¡Ã×²Ý,0,0.0069,0.0069,13.4,13.7,,,,,
GenuineShrub,B8,¼¬¶¹,0,0.2808,0.2808,10.44,11.28,,,,,
GenuineShrub,B8,ÈðÜß²Ý,0,0.098,0.098,14.9,15,,,,,
GenuineShrub,B8,°«ÔóÇÛ,0,0.0178,0.0178,6.5,6.82,,,,,
GenuineShrub,B8,Î÷²ØÝÀ²Ë,0,0.0086,0.0086,2.6,2.933333333,,,,,
GenuineShrub,B9,Ð¡Ã×²Ý,0,0.332,0.332,22.18,24.6,,,,,
GenuineShrub,B9,ÒìÕëÃ©,0,1.4293,1.4293,59.32,67.02,,,,,
GenuineShrub,B9,ÈðÜß²Ý,0,0.7252,0.7252,18.93333333,22.66666667,,,,,
GenuineShrub,B9,×ÏÝÒ,0,0.1025,0.1025,16.7,18,,,,,
GenuineShrub,B9,Ï¸Ò¶ÑÇ¾Õ,0,0.3051,0.3051,20.95,23.65,,,,,
GenuineShrub,B9,´äÈ¸,0,0.0071,0.0071,3.85,4.4,,,,,
GenuineShrub,B9,ËáÄ£,0,0.0458,0.0458,11.9,12.6,,,,,
GenuineShrub,B9,»ÆÖãéÒÎá,0,6.5448,6.5448,24.575,24.875,,,,,
RemovedShrub,B1,¼ô¹ÉÓ±,0,0.7359,0.7359,52.12,54.56,,,,,
RemovedShrub,B1,ÅûÕëÒ¶»Æ»ª,0,0.9097,0.9097,14.475,15.275,,,,,
RemovedShrub,B1,ÌõÒ¶ÒøÁ«»¨,0,0.3144,0.3144,7.28,7.64,,,,,
RemovedShrub,B1,¼¬¶¹,0,0.1632,0.1632,12.075,13.175,,,,,
RemovedShrub,B1,²ÝµØÔçÊìºÌ,0,0.5046,0.5046,42.44,43.98,,,,,
RemovedShrub,B1,»ÆÜÎ,0,0.092,0.092,8.36,8.486,,,,,
RemovedShrub,B10,Èé½¬´óêª,0,0.0765,0.0765,10.45,12.275,,,,,
RemovedShrub,B10,¼ô¹ÉÓ±,0,0.7085,0.7085,64.775,68.725,,,,,
RemovedShrub,B10,´¹ËëÅû¼î²Ý,0,2.2965,2.2965,67.36,70.14,,,,,
RemovedShrub,B10,Ð¡Ã×²Ý,0,0.0949,0.0949,15.43333333,16.2,,,,,
RemovedShrub,B10,ÅûÕëÒ¶»Æ»ª,0,10.6087,10.6087,39.4,41.6,,,,,
RemovedShrub,B10,¼¬¶¹,0,0.4812,0.4812,18.18,19.5,,,,,
RemovedShrub,B10,Ï¸Ò¶ÑÇ¾Õ,0,0.4274,0.4274,16.34,19,,,,,
RemovedShrub,B10,¶ÛÁÑÒøÁ«»¨,0,0.0514,0.0514,13.3,14.1,,,,,
RemovedShrub,B10,ÂíÏÈÝï,0,0.2025,0.2025,11.72,12.68,,,,,
RemovedShrub,B2,¼ô¹ÉÓ±,0,0.6108,0.6108,50.16666667,54.63333333,,,,,
RemovedShrub,B2,Ð¡Ã×²Ý,0,0.0588,0.0588,15.36666667,15.96666667,,,,,
RemovedShrub,B2,ÒìÕëÃ©,0,1.302,1.302,65.3,68.1,,,,,
RemovedShrub,B2,ÅûÕëÒ¶»Æ»ª,0,0.7559,0.7559,22.7,23.15,,,,,
RemovedShrub,B2,ÈðÜß²Ý,0,0.4646,0.4646,12.46,13.46,,,,,
RemovedShrub,B2,Ï¸Ò¶ÑÇ¾Õ,0,0.1119,0.1119,10.44,11.04,,,,,
RemovedShrub,B2,´äÈ¸,0,0.0245,0.0245,8.3,8.6,,,,,
RemovedShrub,B2,Î÷²ØÝÀ²Ë,0,0.0403,0.0403,3.975,4.575,,,,,
RemovedShrub,B2,¸ßÔ­Ã«Ý¢,0,0.1424,0.1424,8.9,9.54,,,,,
RemovedShrub,B2,¸ßÉ½¶¹,0,0.2547,0.2547,8.5,9.375,,,,,
RemovedShrub,B3,ÖÐ¹úÂíÏÈÝï,0,0.40453,0.40453,13.86,14.84,,,,,
RemovedShrub,B3,Èé½¬´óêª,0,0.0661,0.0661,9.46,10.74,,,,,
RemovedShrub,B3,Ð¡Ã×²Ý,0,0.2358,0.2358,25.4,26.6,,,,,
RemovedShrub,B3,ÅûÕëÒ¶»Æ»ª,0,7.0119,7.0119,33,34.375,,,,,
RemovedShrub,B3,Ï¸Ò¶ÑÇ¾Õ,0,0.0648,0.0648,6.125,6.45,,,,,
RemovedShrub,B3,¶ÛÁÑÒøÁ«»¨,0,0.0783,0.0783,7.58,8.88,,,,,
RemovedShrub,B4,ÖÐ¹úÂíÏÈÝï,0,0.1501,0.1501,8.34,10.98,,,,,
RemovedShrub,B4,¼ô¹ÉÓ±,0,0.5255,0.5255,48.475,53.425,,,,,
RemovedShrub,B4,»ªÎ÷Î¯Áê²Ë,0,0.4067,0.4067,8.4,9.08,,,,,
RemovedShrub,B4,Ð¡Ã×²Ý,0,0.1517,0.1517,16.13333333,17.4,,,,,
RemovedShrub,B4,ÅûÕëÒ¶»Æ»ª,0,1.441,1.441,25.6,28.2,,,,,
RemovedShrub,B4,ÌõÒ¶ÒøÁ«»¨,0,0.2349,0.2349,10.16,10.72,,,,,
RemovedShrub,B4,ÈðÜß²Ý,0,0.0989,0.0989,13.6,15.6,,,,,
RemovedShrub,B4,°«ÔóÇÛ,0,0.1329,0.1329,13.44,13.86,,,,,
RemovedShrub,B4,¸ßÉ½¶¹,0,0.4079,0.4079,9.86,11.36,,,,,
RemovedShrub,B5,Ð¡Ã×²Ý,0,0.1237,0.1237,17.46,18.14,,,,,
RemovedShrub,B5,ÅûÕëÒ¶»Æ»ª,0,0.588,0.588,21.1,22.3,,,,,
RemovedShrub,B5,Ï¸Ò¶ÑÇ¾Õ,0,0.2201,0.2201,17.56,18.76,,,,,
RemovedShrub,B5,»ÆÜË,0,0.491,0.491,17.83333333,18.1,,,,,
RemovedShrub,B6,Î÷²ØÝÀ²Ë,0,0.0031,0.0031,3.66,3.86,,,,,
RemovedShrub,B6,ËáÄ£,0,0.2271,0.2271,10.8,11.28,,,,,
RemovedShrub,B6,¸ßÔ­Ã«Ý¢,0,0.0307,0.0307,8.275,10.925,,,,,
RemovedShrub,B6,»ÆÜË,0,0.3582,0.3582,16.5,18.8,,,,,
RemovedShrub,B7,Èé½¬´óêª,0,0.0139,0.0139,6.8,7.433333333,,,,,
RemovedShrub,B7,Ð¡Ã×²Ý,0,0.0348,0.0348,21.6,22.1,,,,,
RemovedShrub,B7,ÒìÕëÃ©,0,3.1065,3.1065,85.64,86.62,,,,,
RemovedShrub,B7,×ÏÝÒ,0,0.9979,0.9979,16.74,17.82,,,,,
RemovedShrub,B7,Î÷²ØÝÀ²Ë,0,0.0271,0.0271,3.36,3.68,,,,,
RemovedShrub,B7,ËáÄ£,0,0.0553,0.0553,8.1,8.5,,,,,
RemovedShrub,B7,¸ßÉ½¶¹,0,0.0316,0.0316,11.2,13.3,,,,,
RemovedShrub,B8,»ªÎ÷Î¯Áê²Ë,0,0.8404,0.8404,11.36,12.04,,,,,
RemovedShrub,B8,¼¬¶¹,0,0.3358,0.3358,12.5,13.32,,,,,
RemovedShrub,B8,×ÏÝÒ,0,0.6975,0.6975,18.13333333,18.9,,,,,
RemovedShrub,B8,Î÷²ØÝÀ²Ë,0,0.0209,0.0209,2.866666667,3.333333333,,,,,
RemovedShrub,B8,¸ßÔ­Ã«Ý¢,0,0.0173,0.0173,5.8,6.45,,,,,
RemovedShrub,B8,¸ßÉ½¶¹,0,0.172,0.172,8.24,9.04,,,,,
RemovedShrub,B9,ÅûÕëÒ¶»Æ»ª,0,3.2669,3.2669,28.94,29.6,,,,,
